C:\Users\marcu\Documents\keras-getting-started\göteborg_0.png,city,0.0751953125,0.1171875,0.041015625,0.09765625,0.1259765625,0.0966796875,0.0703125,0.0869140625,0.103515625,0.185546875
C:\Users\marcu\Documents\keras-getting-started\göteborg_1.png,city,0.0546875,0.0859375,0.0517578125,0.1171875,0.1513671875,0.13671875,0.07421875,0.0771484375,0.095703125,0.1552734375
C:\Users\marcu\Documents\keras-getting-started\göteborg_10.png,city,0.076171875,0.103515625,0.0703125,0.099609375,0.11328125,0.1240234375,0.087890625,0.091796875,0.0732421875,0.16015625
C:\Users\marcu\Documents\keras-getting-started\göteborg_11.png,city,0.083984375,0.1240234375,0.044921875,0.0712890625,0.1298828125,0.11328125,0.0615234375,0.09765625,0.1083984375,0.1650390625
C:\Users\marcu\Documents\keras-getting-started\göteborg_12.png,city,0.09375,0.111328125,0.0595703125,0.0830078125,0.1435546875,0.103515625,0.078125,0.0859375,0.0830078125,0.158203125
C:\Users\marcu\Documents\keras-getting-started\göteborg_13.png,city,0.0771484375,0.1181640625,0.0400390625,0.064453125,0.2763671875,0.072265625,0.0341796875,0.087890625,0.0888671875,0.140625
C:\Users\marcu\Documents\keras-getting-started\göteborg_14.png,city,0.0888671875,0.119140625,0.0595703125,0.0869140625,0.1484375,0.076171875,0.0478515625,0.1015625,0.1005859375,0.1708984375
C:\Users\marcu\Documents\keras-getting-started\göteborg_15.png,city,0.09375,0.12890625,0.05859375,0.07421875,0.11328125,0.0908203125,0.0595703125,0.10546875,0.1123046875,0.1630859375
C:\Users\marcu\Documents\keras-getting-started\göteborg_16.png,city,0.0693359375,0.0830078125,0.07421875,0.107421875,0.16796875,0.1357421875,0.0654296875,0.07421875,0.080078125,0.142578125
C:\Users\marcu\Documents\keras-getting-started\göteborg_17.png,city,0.0908203125,0.1328125,0.0556640625,0.0703125,0.0810546875,0.0908203125,0.06640625,0.099609375,0.111328125,0.201171875
C:\Users\marcu\Documents\keras-getting-started\göteborg_18.png,city,0.0859375,0.095703125,0.0830078125,0.0703125,0.1298828125,0.1240234375,0.072265625,0.08203125,0.095703125,0.1611328125
C:\Users\marcu\Documents\keras-getting-started\göteborg_19.png,city,0.0869140625,0.10546875,0.0556640625,0.08984375,0.158203125,0.0810546875,0.0458984375,0.099609375,0.099609375,0.177734375
C:\Users\marcu\Documents\keras-getting-started\göteborg_2.png,city,0.0703125,0.1240234375,0.0537109375,0.07421875,0.111328125,0.1240234375,0.064453125,0.083984375,0.11328125,0.1806640625
C:\Users\marcu\Documents\keras-getting-started\göteborg_20.png,city,0.0830078125,0.12890625,0.0478515625,0.0615234375,0.1591796875,0.087890625,0.0693359375,0.0869140625,0.1025390625,0.1728515625
C:\Users\marcu\Documents\keras-getting-started\göteborg_21.png,city,0.0751953125,0.1591796875,0.0380859375,0.0732421875,0.1474609375,0.1044921875,0.0361328125,0.1025390625,0.1064453125,0.1572265625
C:\Users\marcu\Documents\keras-getting-started\göteborg_22.png,city,0.076171875,0.1484375,0.0498046875,0.072265625,0.138671875,0.08984375,0.0380859375,0.103515625,0.11328125,0.169921875
C:\Users\marcu\Documents\keras-getting-started\göteborg_23.png,city,0.07421875,0.162109375,0.0341796875,0.0556640625,0.10546875,0.0771484375,0.0625,0.1025390625,0.1337890625,0.1923828125
C:\Users\marcu\Documents\keras-getting-started\göteborg_24.png,city,0.0751953125,0.0888671875,0.052734375,0.1044921875,0.1875,0.091796875,0.041015625,0.08984375,0.1015625,0.1669921875
C:\Users\marcu\Documents\keras-getting-started\göteborg_25.png,city,0.08984375,0.1083984375,0.0439453125,0.09375,0.123046875,0.1064453125,0.0693359375,0.0888671875,0.09375,0.1826171875
C:\Users\marcu\Documents\keras-getting-started\göteborg_26.png,city,0.076171875,0.10546875,0.056640625,0.0830078125,0.1298828125,0.10546875,0.0615234375,0.09375,0.115234375,0.1728515625
C:\Users\marcu\Documents\keras-getting-started\göteborg_27.png,city,0.080078125,0.095703125,0.056640625,0.087890625,0.1826171875,0.0927734375,0.0546875,0.0908203125,0.09375,0.1650390625
C:\Users\marcu\Documents\keras-getting-started\göteborg_28.png,city,0.08203125,0.130859375,0.0234375,0.0576171875,0.2802734375,0.068359375,0.025390625,0.1044921875,0.0859375,0.1416015625
C:\Users\marcu\Documents\keras-getting-started\göteborg_29.png,city,0.080078125,0.1025390625,0.041015625,0.0673828125,0.2783203125,0.076171875,0.0390625,0.072265625,0.0947265625,0.1484375
C:\Users\marcu\Documents\keras-getting-started\göteborg_3.png,city,0.0810546875,0.1005859375,0.05859375,0.1025390625,0.109375,0.1220703125,0.08984375,0.08203125,0.09765625,0.15625
C:\Users\marcu\Documents\keras-getting-started\göteborg_30.png,city,0.0888671875,0.109375,0.0517578125,0.0810546875,0.197265625,0.07421875,0.0458984375,0.0849609375,0.109375,0.1572265625
C:\Users\marcu\Documents\keras-getting-started\göteborg_31.png,city,0.0771484375,0.0888671875,0.0517578125,0.08984375,0.177734375,0.119140625,0.0615234375,0.0703125,0.109375,0.154296875
C:\Users\marcu\Documents\keras-getting-started\göteborg_32.png,city,0.0478515625,0.0771484375,0.0556640625,0.119140625,0.185546875,0.1552734375,0.072265625,0.0673828125,0.078125,0.1416015625
C:\Users\marcu\Documents\keras-getting-started\göteborg_33.png,city,0.0908203125,0.1171875,0.0654296875,0.0751953125,0.1259765625,0.0869140625,0.068359375,0.0888671875,0.10546875,0.17578125
C:\Users\marcu\Documents\keras-getting-started\göteborg_34.png,city,0.076171875,0.099609375,0.068359375,0.0966796875,0.1328125,0.1201171875,0.080078125,0.0888671875,0.083984375,0.1533203125
C:\Users\marcu\Documents\keras-getting-started\göteborg_35.png,city,0.0859375,0.0947265625,0.080078125,0.091796875,0.126953125,0.103515625,0.07421875,0.0791015625,0.09765625,0.166015625
C:\Users\marcu\Documents\keras-getting-started\göteborg_36.png,city,0.0703125,0.119140625,0.046875,0.0712890625,0.181640625,0.103515625,0.064453125,0.0810546875,0.0986328125,0.1630859375
C:\Users\marcu\Documents\keras-getting-started\göteborg_37.png,city,0.0751953125,0.1279296875,0.0439453125,0.0849609375,0.1005859375,0.1171875,0.07421875,0.1083984375,0.08984375,0.177734375
C:\Users\marcu\Documents\keras-getting-started\göteborg_38.png,city,0.0576171875,0.1005859375,0.056640625,0.0869140625,0.173828125,0.09765625,0.072265625,0.0791015625,0.0986328125,0.1767578125
C:\Users\marcu\Documents\keras-getting-started\göteborg_39.png,city,0.0703125,0.1103515625,0.068359375,0.09375,0.1435546875,0.103515625,0.064453125,0.0908203125,0.0947265625,0.16015625
C:\Users\marcu\Documents\keras-getting-started\göteborg_4.png,city,0.0673828125,0.1044921875,0.056640625,0.1181640625,0.138671875,0.119140625,0.08984375,0.06640625,0.09375,0.1455078125
C:\Users\marcu\Documents\keras-getting-started\göteborg_40.png,city,0.0625,0.0986328125,0.06640625,0.1005859375,0.1787109375,0.1103515625,0.0634765625,0.0859375,0.08203125,0.1513671875
C:\Users\marcu\Documents\keras-getting-started\göteborg_41.png,city,0.056640625,0.0966796875,0.05859375,0.1220703125,0.1572265625,0.1142578125,0.064453125,0.072265625,0.099609375,0.158203125
C:\Users\marcu\Documents\keras-getting-started\göteborg_42.png,city,0.0556640625,0.1142578125,0.0556640625,0.091796875,0.1533203125,0.1455078125,0.060546875,0.091796875,0.08203125,0.1494140625
C:\Users\marcu\Documents\keras-getting-started\göteborg_43.png,city,0.060546875,0.1328125,0.05859375,0.083984375,0.1015625,0.11328125,0.07421875,0.0810546875,0.1123046875,0.181640625
C:\Users\marcu\Documents\keras-getting-started\göteborg_44.png,city,0.0751953125,0.1142578125,0.048828125,0.083984375,0.142578125,0.1142578125,0.0654296875,0.087890625,0.095703125,0.171875
C:\Users\marcu\Documents\keras-getting-started\göteborg_45.png,city,0.056640625,0.103515625,0.048828125,0.103515625,0.119140625,0.146484375,0.0732421875,0.09375,0.0927734375,0.162109375
C:\Users\marcu\Documents\keras-getting-started\göteborg_46.png,city,0.0537109375,0.109375,0.044921875,0.0927734375,0.18359375,0.1201171875,0.0576171875,0.0732421875,0.0859375,0.1787109375
C:\Users\marcu\Documents\keras-getting-started\göteborg_47.png,city,0.068359375,0.09375,0.05078125,0.1044921875,0.125,0.162109375,0.0634765625,0.0751953125,0.0888671875,0.16796875
C:\Users\marcu\Documents\keras-getting-started\göteborg_48.png,city,0.064453125,0.0869140625,0.046875,0.0966796875,0.1826171875,0.130859375,0.0556640625,0.0673828125,0.1005859375,0.16796875
C:\Users\marcu\Documents\keras-getting-started\göteborg_49.png,city,0.060546875,0.10546875,0.046875,0.0966796875,0.1875,0.1201171875,0.0625,0.0673828125,0.1142578125,0.138671875
C:\Users\marcu\Documents\keras-getting-started\göteborg_5.png,city,0.0810546875,0.1142578125,0.060546875,0.0888671875,0.1416015625,0.1123046875,0.0634765625,0.083984375,0.09375,0.16015625
C:\Users\marcu\Documents\keras-getting-started\göteborg_50.png,city,0.0556640625,0.1015625,0.0595703125,0.103515625,0.1796875,0.1240234375,0.05859375,0.0634765625,0.1103515625,0.1435546875
C:\Users\marcu\Documents\keras-getting-started\göteborg_51.png,city,0.0654296875,0.103515625,0.064453125,0.08203125,0.1435546875,0.1376953125,0.0654296875,0.0751953125,0.1044921875,0.158203125
C:\Users\marcu\Documents\keras-getting-started\göteborg_52.png,city,0.052734375,0.080078125,0.0556640625,0.1318359375,0.1298828125,0.1923828125,0.048828125,0.072265625,0.0966796875,0.1396484375
C:\Users\marcu\Documents\keras-getting-started\göteborg_53.png,city,0.0537109375,0.091796875,0.0693359375,0.1083984375,0.142578125,0.1630859375,0.076171875,0.0634765625,0.09375,0.1376953125
C:\Users\marcu\Documents\keras-getting-started\göteborg_54.png,city,0.0869140625,0.109375,0.0478515625,0.095703125,0.1162109375,0.1005859375,0.0712890625,0.080078125,0.103515625,0.1884765625
C:\Users\marcu\Documents\keras-getting-started\göteborg_55.png,city,0.0517578125,0.087890625,0.060546875,0.123046875,0.1494140625,0.193359375,0.064453125,0.0537109375,0.0986328125,0.1171875
C:\Users\marcu\Documents\keras-getting-started\göteborg_56.png,city,0.0478515625,0.091796875,0.0537109375,0.1220703125,0.1689453125,0.126953125,0.0859375,0.080078125,0.0869140625,0.1357421875
C:\Users\marcu\Documents\keras-getting-started\göteborg_57.png,city,0.05078125,0.09765625,0.04296875,0.107421875,0.1728515625,0.1669921875,0.0712890625,0.076171875,0.0888671875,0.125
C:\Users\marcu\Documents\keras-getting-started\göteborg_58.png,city,0.072265625,0.0947265625,0.0576171875,0.107421875,0.15234375,0.1171875,0.076171875,0.08984375,0.08203125,0.150390625
C:\Users\marcu\Documents\keras-getting-started\göteborg_59.png,city,0.0693359375,0.0830078125,0.05078125,0.1162109375,0.16015625,0.1279296875,0.06640625,0.083984375,0.0869140625,0.1552734375
C:\Users\marcu\Documents\keras-getting-started\göteborg_6.png,city,0.078125,0.12890625,0.0576171875,0.0703125,0.1181640625,0.0888671875,0.046875,0.087890625,0.1123046875,0.2109375
C:\Users\marcu\Documents\keras-getting-started\göteborg_60.png,city,0.0615234375,0.0908203125,0.0595703125,0.119140625,0.1103515625,0.138671875,0.083984375,0.0634765625,0.126953125,0.1455078125
C:\Users\marcu\Documents\keras-getting-started\göteborg_61.png,city,0.0908203125,0.11328125,0.0693359375,0.0908203125,0.0791015625,0.10546875,0.060546875,0.0859375,0.1220703125,0.1826171875
C:\Users\marcu\Documents\keras-getting-started\göteborg_62.png,city,0.0498046875,0.103515625,0.044921875,0.0908203125,0.1884765625,0.1650390625,0.0732421875,0.0712890625,0.08984375,0.123046875
C:\Users\marcu\Documents\keras-getting-started\göteborg_63.png,city,0.0390625,0.1044921875,0.0244140625,0.06640625,0.0927734375,0.1865234375,0.0380859375,0.0615234375,0.2080078125,0.1787109375
C:\Users\marcu\Documents\keras-getting-started\göteborg_7.png,city,0.103515625,0.1181640625,0.041015625,0.0693359375,0.10546875,0.1025390625,0.068359375,0.0830078125,0.1171875,0.19140625
C:\Users\marcu\Documents\keras-getting-started\göteborg_8.png,city,0.0615234375,0.1240234375,0.04296875,0.083984375,0.142578125,0.1259765625,0.0693359375,0.09765625,0.0859375,0.166015625
C:\Users\marcu\Documents\keras-getting-started\göteborg_9.png,city,0.0693359375,0.08984375,0.0732421875,0.1044921875,0.14453125,0.1416015625,0.0712890625,0.0712890625,0.0849609375,0.1494140625
C:\Users\marcu\Documents\keras-getting-started\malmö_0.png,city,0.0634765625,0.099609375,0.064453125,0.099609375,0.197265625,0.115234375,0.0615234375,0.06640625,0.0947265625,0.1376953125
C:\Users\marcu\Documents\keras-getting-started\malmö_1.png,city,0.0595703125,0.0986328125,0.0693359375,0.1279296875,0.16796875,0.1279296875,0.0712890625,0.0693359375,0.0859375,0.1220703125
C:\Users\marcu\Documents\keras-getting-started\malmö_10.png,city,0.0517578125,0.0986328125,0.0634765625,0.1162109375,0.16015625,0.126953125,0.0693359375,0.0703125,0.0830078125,0.16015625
C:\Users\marcu\Documents\keras-getting-started\malmö_11.png,city,0.052734375,0.0966796875,0.0703125,0.119140625,0.169921875,0.1318359375,0.064453125,0.0712890625,0.0869140625,0.13671875
C:\Users\marcu\Documents\keras-getting-started\malmö_12.png,city,0.046875,0.0849609375,0.0498046875,0.119140625,0.16015625,0.1650390625,0.0673828125,0.068359375,0.08984375,0.1484375
C:\Users\marcu\Documents\keras-getting-started\malmö_13.png,city,0.046875,0.103515625,0.0546875,0.12109375,0.1826171875,0.1552734375,0.060546875,0.0634765625,0.0751953125,0.13671875
C:\Users\marcu\Documents\keras-getting-started\malmö_14.png,city,0.0556640625,0.0986328125,0.083984375,0.125,0.1220703125,0.123046875,0.0576171875,0.0615234375,0.1044921875,0.16796875
C:\Users\marcu\Documents\keras-getting-started\malmö_15.png,city,0.0654296875,0.0966796875,0.0625,0.099609375,0.1357421875,0.1220703125,0.0810546875,0.09375,0.0810546875,0.162109375
C:\Users\marcu\Documents\keras-getting-started\malmö_16.png,city,0.0498046875,0.1044921875,0.068359375,0.140625,0.1396484375,0.119140625,0.076171875,0.0791015625,0.0849609375,0.1376953125
C:\Users\marcu\Documents\keras-getting-started\malmö_17.png,city,0.05859375,0.0947265625,0.0595703125,0.1298828125,0.1328125,0.1435546875,0.072265625,0.0693359375,0.08984375,0.1494140625
C:\Users\marcu\Documents\keras-getting-started\malmö_18.png,city,0.0458984375,0.1025390625,0.0625,0.1279296875,0.16796875,0.1455078125,0.0732421875,0.060546875,0.0859375,0.1279296875
C:\Users\marcu\Documents\keras-getting-started\malmö_19.png,city,0.052734375,0.10546875,0.072265625,0.1259765625,0.1474609375,0.1279296875,0.060546875,0.083984375,0.0849609375,0.138671875
C:\Users\marcu\Documents\keras-getting-started\malmö_2.png,city,0.056640625,0.091796875,0.0693359375,0.1240234375,0.1630859375,0.1357421875,0.087890625,0.0751953125,0.06640625,0.1298828125
C:\Users\marcu\Documents\keras-getting-started\malmö_20.png,city,0.056640625,0.080078125,0.06640625,0.1318359375,0.14453125,0.1416015625,0.0595703125,0.07421875,0.0947265625,0.150390625
C:\Users\marcu\Documents\keras-getting-started\malmö_21.png,city,0.0498046875,0.1103515625,0.05078125,0.1103515625,0.15234375,0.15625,0.064453125,0.0732421875,0.0927734375,0.1396484375
C:\Users\marcu\Documents\keras-getting-started\malmö_22.png,city,0.0634765625,0.1083984375,0.080078125,0.099609375,0.09765625,0.13671875,0.0712890625,0.0830078125,0.08984375,0.169921875
C:\Users\marcu\Documents\keras-getting-started\malmö_23.png,city,0.064453125,0.091796875,0.0556640625,0.125,0.138671875,0.130859375,0.072265625,0.0791015625,0.087890625,0.154296875
C:\Users\marcu\Documents\keras-getting-started\malmö_24.png,city,0.0439453125,0.091796875,0.0712890625,0.1513671875,0.1533203125,0.1201171875,0.0751953125,0.05859375,0.0908203125,0.1435546875
C:\Users\marcu\Documents\keras-getting-started\malmö_25.png,city,0.0439453125,0.1015625,0.0771484375,0.1142578125,0.1689453125,0.14453125,0.0654296875,0.0556640625,0.09765625,0.130859375
C:\Users\marcu\Documents\keras-getting-started\malmö_26.png,city,0.0546875,0.109375,0.0791015625,0.119140625,0.1318359375,0.109375,0.0625,0.0791015625,0.1005859375,0.154296875
C:\Users\marcu\Documents\keras-getting-started\malmö_27.png,city,0.0654296875,0.10546875,0.0634765625,0.12109375,0.1298828125,0.1318359375,0.08203125,0.080078125,0.0869140625,0.1337890625
C:\Users\marcu\Documents\keras-getting-started\malmö_28.png,city,0.044921875,0.1025390625,0.0537109375,0.1298828125,0.1357421875,0.17578125,0.06640625,0.072265625,0.09765625,0.12109375
C:\Users\marcu\Documents\keras-getting-started\malmö_29.png,city,0.064453125,0.1123046875,0.0732421875,0.1044921875,0.166015625,0.12890625,0.083984375,0.056640625,0.083984375,0.1259765625
C:\Users\marcu\Documents\keras-getting-started\malmö_3.png,city,0.037109375,0.0810546875,0.0439453125,0.1240234375,0.1982421875,0.1611328125,0.06640625,0.0693359375,0.0908203125,0.1279296875
C:\Users\marcu\Documents\keras-getting-started\malmö_30.png,city,0.05078125,0.08203125,0.052734375,0.1494140625,0.1650390625,0.1484375,0.0712890625,0.06640625,0.078125,0.1357421875
C:\Users\marcu\Documents\keras-getting-started\malmö_31.png,city,0.0498046875,0.0908203125,0.0615234375,0.115234375,0.19921875,0.1533203125,0.060546875,0.072265625,0.076171875,0.12109375
C:\Users\marcu\Documents\keras-getting-started\malmö_32.png,city,0.0458984375,0.0947265625,0.060546875,0.146484375,0.16015625,0.138671875,0.072265625,0.087890625,0.072265625,0.12109375
C:\Users\marcu\Documents\keras-getting-started\malmö_33.png,city,0.046875,0.0869140625,0.06640625,0.1142578125,0.19140625,0.13671875,0.078125,0.0615234375,0.0751953125,0.142578125
C:\Users\marcu\Documents\keras-getting-started\malmö_34.png,city,0.0498046875,0.0859375,0.0703125,0.126953125,0.185546875,0.1435546875,0.0556640625,0.0634765625,0.0869140625,0.1318359375
C:\Users\marcu\Documents\keras-getting-started\malmö_35.png,city,0.0517578125,0.0927734375,0.0673828125,0.1298828125,0.150390625,0.154296875,0.072265625,0.068359375,0.0859375,0.126953125
C:\Users\marcu\Documents\keras-getting-started\malmö_36.png,city,0.05078125,0.080078125,0.0634765625,0.1279296875,0.1826171875,0.1708984375,0.0595703125,0.0732421875,0.0712890625,0.1201171875
C:\Users\marcu\Documents\keras-getting-started\malmö_37.png,city,0.0439453125,0.080078125,0.0712890625,0.1416015625,0.22265625,0.1181640625,0.0673828125,0.05859375,0.0849609375,0.111328125
C:\Users\marcu\Documents\keras-getting-started\malmö_38.png,city,0.052734375,0.1015625,0.0654296875,0.1171875,0.15625,0.1357421875,0.07421875,0.07421875,0.09765625,0.125
C:\Users\marcu\Documents\keras-getting-started\malmö_39.png,city,0.06640625,0.103515625,0.0439453125,0.1181640625,0.1376953125,0.1318359375,0.0791015625,0.0673828125,0.0908203125,0.1611328125
C:\Users\marcu\Documents\keras-getting-started\malmö_4.png,city,0.0634765625,0.09375,0.056640625,0.1318359375,0.158203125,0.1513671875,0.07421875,0.0546875,0.0830078125,0.1328125
C:\Users\marcu\Documents\keras-getting-started\malmö_40.png,city,0.05078125,0.1025390625,0.0654296875,0.123046875,0.1611328125,0.140625,0.076171875,0.0771484375,0.083984375,0.119140625
C:\Users\marcu\Documents\keras-getting-started\malmö_41.png,city,0.044921875,0.1015625,0.0419921875,0.1298828125,0.173828125,0.115234375,0.0615234375,0.0732421875,0.1123046875,0.1455078125
C:\Users\marcu\Documents\keras-getting-started\malmö_42.png,city,0.05859375,0.0888671875,0.0654296875,0.1298828125,0.130859375,0.14453125,0.064453125,0.068359375,0.091796875,0.1572265625
C:\Users\marcu\Documents\keras-getting-started\malmö_43.png,city,0.0546875,0.103515625,0.0625,0.12890625,0.158203125,0.107421875,0.078125,0.076171875,0.08984375,0.140625
C:\Users\marcu\Documents\keras-getting-started\malmö_44.png,city,0.0517578125,0.1044921875,0.076171875,0.1181640625,0.146484375,0.1376953125,0.068359375,0.07421875,0.0888671875,0.1337890625
C:\Users\marcu\Documents\keras-getting-started\malmö_45.png,city,0.056640625,0.0849609375,0.0654296875,0.1328125,0.18359375,0.1474609375,0.0732421875,0.072265625,0.0625,0.12109375
C:\Users\marcu\Documents\keras-getting-started\malmö_46.png,city,0.0498046875,0.09375,0.0556640625,0.1201171875,0.171875,0.1630859375,0.0732421875,0.0654296875,0.0859375,0.12109375
C:\Users\marcu\Documents\keras-getting-started\malmö_47.png,city,0.0458984375,0.0751953125,0.0634765625,0.1357421875,0.1962890625,0.1484375,0.0859375,0.0498046875,0.0791015625,0.1201171875
C:\Users\marcu\Documents\keras-getting-started\malmö_48.png,city,0.052734375,0.07421875,0.0712890625,0.1416015625,0.1708984375,0.1416015625,0.064453125,0.0673828125,0.0712890625,0.14453125
C:\Users\marcu\Documents\keras-getting-started\malmö_49.png,city,0.0498046875,0.083984375,0.0751953125,0.1357421875,0.17578125,0.138671875,0.0712890625,0.0693359375,0.0732421875,0.126953125
C:\Users\marcu\Documents\keras-getting-started\malmö_5.png,city,0.05859375,0.091796875,0.068359375,0.1201171875,0.1533203125,0.146484375,0.0693359375,0.0712890625,0.087890625,0.1328125
C:\Users\marcu\Documents\keras-getting-started\malmö_50.png,city,0.0537109375,0.099609375,0.06640625,0.1123046875,0.1953125,0.0986328125,0.0751953125,0.068359375,0.0869140625,0.1435546875
C:\Users\marcu\Documents\keras-getting-started\malmö_51.png,city,0.0625,0.1064453125,0.048828125,0.115234375,0.1796875,0.1025390625,0.078125,0.0830078125,0.0849609375,0.138671875
C:\Users\marcu\Documents\keras-getting-started\malmö_52.png,city,0.052734375,0.1123046875,0.0478515625,0.083984375,0.166015625,0.142578125,0.0615234375,0.0673828125,0.1025390625,0.1630859375
C:\Users\marcu\Documents\keras-getting-started\malmö_53.png,city,0.0576171875,0.091796875,0.07421875,0.140625,0.150390625,0.1220703125,0.078125,0.080078125,0.0732421875,0.1318359375
C:\Users\marcu\Documents\keras-getting-started\malmö_54.png,city,0.041015625,0.076171875,0.07421875,0.12109375,0.19140625,0.1689453125,0.0810546875,0.0556640625,0.09375,0.0966796875
C:\Users\marcu\Documents\keras-getting-started\malmö_55.png,city,0.037109375,0.0771484375,0.060546875,0.099609375,0.1357421875,0.125,0.0517578125,0.0546875,0.259765625,0.0986328125
C:\Users\marcu\Documents\keras-getting-started\malmö_56.png,city,0.05078125,0.095703125,0.07421875,0.115234375,0.1689453125,0.1318359375,0.0791015625,0.078125,0.076171875,0.1298828125
C:\Users\marcu\Documents\keras-getting-started\malmö_57.png,city,0.0439453125,0.087890625,0.0537109375,0.1240234375,0.171875,0.1650390625,0.072265625,0.064453125,0.0888671875,0.1279296875
C:\Users\marcu\Documents\keras-getting-started\malmö_58.png,city,0.0830078125,0.10546875,0.0703125,0.0810546875,0.1181640625,0.1201171875,0.0771484375,0.076171875,0.0966796875,0.171875
C:\Users\marcu\Documents\keras-getting-started\malmö_59.png,city,0.064453125,0.080078125,0.072265625,0.125,0.166015625,0.138671875,0.07421875,0.0654296875,0.0751953125,0.138671875
C:\Users\marcu\Documents\keras-getting-started\malmö_6.png,city,0.06640625,0.0693359375,0.076171875,0.1171875,0.1513671875,0.158203125,0.0654296875,0.0673828125,0.0849609375,0.1435546875
C:\Users\marcu\Documents\keras-getting-started\malmö_60.png,city,0.0517578125,0.0947265625,0.0634765625,0.125,0.158203125,0.142578125,0.0654296875,0.0732421875,0.0908203125,0.134765625
C:\Users\marcu\Documents\keras-getting-started\malmö_61.png,city,0.046875,0.0869140625,0.0517578125,0.09375,0.193359375,0.142578125,0.064453125,0.0615234375,0.1171875,0.1416015625
C:\Users\marcu\Documents\keras-getting-started\malmö_62.png,city,0.0576171875,0.0966796875,0.0595703125,0.1064453125,0.150390625,0.1162109375,0.0625,0.080078125,0.140625,0.1298828125
C:\Users\marcu\Documents\keras-getting-started\malmö_63.png,city,0.0537109375,0.080078125,0.0556640625,0.1318359375,0.2021484375,0.140625,0.0849609375,0.0576171875,0.0712890625,0.1220703125
C:\Users\marcu\Documents\keras-getting-started\malmö_7.png,city,0.0458984375,0.0908203125,0.0498046875,0.1416015625,0.1943359375,0.1611328125,0.0576171875,0.060546875,0.078125,0.1201171875
C:\Users\marcu\Documents\keras-getting-started\malmö_8.png,city,0.0625,0.103515625,0.064453125,0.1123046875,0.1611328125,0.1201171875,0.0732421875,0.080078125,0.078125,0.14453125
C:\Users\marcu\Documents\keras-getting-started\malmö_9.png,city,0.0615234375,0.10546875,0.0673828125,0.1025390625,0.154296875,0.1259765625,0.0869140625,0.0654296875,0.08203125,0.1484375
C:\Users\marcu\Documents\keras-getting-started\stockholm_0.png,city,0.0625,0.107421875,0.060546875,0.0908203125,0.203125,0.1162109375,0.0732421875,0.0615234375,0.0888671875,0.1357421875
C:\Users\marcu\Documents\keras-getting-started\stockholm_1.png,city,0.0517578125,0.0927734375,0.0625,0.0849609375,0.234375,0.125,0.0546875,0.068359375,0.0849609375,0.140625
C:\Users\marcu\Documents\keras-getting-started\stockholm_10.png,city,0.048828125,0.0859375,0.0703125,0.1298828125,0.1923828125,0.1357421875,0.0751953125,0.0693359375,0.068359375,0.1240234375
C:\Users\marcu\Documents\keras-getting-started\stockholm_11.png,city,0.0576171875,0.10546875,0.0625,0.12890625,0.150390625,0.13671875,0.0634765625,0.0947265625,0.068359375,0.1318359375
C:\Users\marcu\Documents\keras-getting-started\stockholm_12.png,city,0.0498046875,0.1025390625,0.046875,0.1181640625,0.1962890625,0.1748046875,0.0654296875,0.0537109375,0.0751953125,0.1171875
C:\Users\marcu\Documents\keras-getting-started\stockholm_13.png,city,0.05859375,0.099609375,0.0673828125,0.1025390625,0.1650390625,0.1376953125,0.0634765625,0.09375,0.080078125,0.1318359375
C:\Users\marcu\Documents\keras-getting-started\stockholm_14.png,city,0.05859375,0.119140625,0.0673828125,0.1025390625,0.134765625,0.1025390625,0.068359375,0.078125,0.1025390625,0.166015625
C:\Users\marcu\Documents\keras-getting-started\stockholm_15.png,city,0.0400390625,0.083984375,0.080078125,0.1181640625,0.1884765625,0.1533203125,0.0625,0.0654296875,0.078125,0.1298828125
C:\Users\marcu\Documents\keras-getting-started\stockholm_16.png,city,0.0380859375,0.0869140625,0.05859375,0.115234375,0.2607421875,0.1416015625,0.052734375,0.0517578125,0.0712890625,0.123046875
C:\Users\marcu\Documents\keras-getting-started\stockholm_17.png,city,0.041015625,0.083984375,0.0712890625,0.1376953125,0.251953125,0.1142578125,0.0654296875,0.0673828125,0.0732421875,0.09375
C:\Users\marcu\Documents\keras-getting-started\stockholm_18.png,city,0.0537109375,0.08984375,0.0634765625,0.1064453125,0.1650390625,0.1279296875,0.0771484375,0.078125,0.099609375,0.138671875
C:\Users\marcu\Documents\keras-getting-started\stockholm_19.png,city,0.0517578125,0.1123046875,0.05859375,0.1181640625,0.1611328125,0.14453125,0.0693359375,0.0771484375,0.076171875,0.130859375
C:\Users\marcu\Documents\keras-getting-started\stockholm_2.png,city,0.05078125,0.0966796875,0.0439453125,0.1123046875,0.208984375,0.1416015625,0.064453125,0.060546875,0.0830078125,0.1376953125
C:\Users\marcu\Documents\keras-getting-started\stockholm_20.png,city,0.046875,0.1064453125,0.0576171875,0.091796875,0.1943359375,0.1533203125,0.0810546875,0.0625,0.0732421875,0.1328125
C:\Users\marcu\Documents\keras-getting-started\stockholm_21.png,city,0.0439453125,0.0888671875,0.0498046875,0.1259765625,0.1650390625,0.158203125,0.0634765625,0.068359375,0.095703125,0.140625
C:\Users\marcu\Documents\keras-getting-started\stockholm_22.png,city,0.05078125,0.08984375,0.0654296875,0.1171875,0.1787109375,0.140625,0.0849609375,0.05859375,0.08203125,0.1318359375
C:\Users\marcu\Documents\keras-getting-started\stockholm_23.png,city,0.0625,0.0986328125,0.064453125,0.1015625,0.189453125,0.123046875,0.0810546875,0.0693359375,0.072265625,0.1376953125
C:\Users\marcu\Documents\keras-getting-started\stockholm_24.png,city,0.0595703125,0.087890625,0.05859375,0.091796875,0.2470703125,0.109375,0.060546875,0.0556640625,0.0732421875,0.15625
C:\Users\marcu\Documents\keras-getting-started\stockholm_25.png,city,0.0673828125,0.1103515625,0.0654296875,0.103515625,0.173828125,0.1220703125,0.0654296875,0.072265625,0.087890625,0.1318359375
C:\Users\marcu\Documents\keras-getting-started\stockholm_26.png,city,0.0546875,0.078125,0.0595703125,0.12109375,0.2265625,0.1123046875,0.05078125,0.0703125,0.1015625,0.125
C:\Users\marcu\Documents\keras-getting-started\stockholm_27.png,city,0.0546875,0.06640625,0.05859375,0.12890625,0.2275390625,0.1279296875,0.060546875,0.080078125,0.080078125,0.115234375
C:\Users\marcu\Documents\keras-getting-started\stockholm_28.png,city,0.0546875,0.1044921875,0.0673828125,0.1201171875,0.154296875,0.1416015625,0.0732421875,0.076171875,0.0791015625,0.12890625
C:\Users\marcu\Documents\keras-getting-started\stockholm_29.png,city,0.064453125,0.1025390625,0.0673828125,0.119140625,0.158203125,0.1171875,0.07421875,0.0673828125,0.0927734375,0.13671875
C:\Users\marcu\Documents\keras-getting-started\stockholm_3.png,city,0.060546875,0.107421875,0.0458984375,0.1064453125,0.17578125,0.1474609375,0.0625,0.0751953125,0.072265625,0.146484375
C:\Users\marcu\Documents\keras-getting-started\stockholm_30.png,city,0.041015625,0.091796875,0.0458984375,0.1103515625,0.2109375,0.1435546875,0.0615234375,0.068359375,0.099609375,0.126953125
C:\Users\marcu\Documents\keras-getting-started\stockholm_31.png,city,0.064453125,0.103515625,0.0615234375,0.0947265625,0.158203125,0.1220703125,0.068359375,0.0849609375,0.0869140625,0.1552734375
C:\Users\marcu\Documents\keras-getting-started\stockholm_32.png,city,0.0517578125,0.0791015625,0.0859375,0.1298828125,0.2021484375,0.1328125,0.072265625,0.0576171875,0.0693359375,0.119140625
C:\Users\marcu\Documents\keras-getting-started\stockholm_33.png,city,0.0400390625,0.0859375,0.0654296875,0.1064453125,0.2900390625,0.103515625,0.064453125,0.0595703125,0.0693359375,0.115234375
C:\Users\marcu\Documents\keras-getting-started\stockholm_34.png,city,0.05078125,0.08203125,0.0615234375,0.1162109375,0.2470703125,0.1162109375,0.0654296875,0.060546875,0.0732421875,0.126953125
C:\Users\marcu\Documents\keras-getting-started\stockholm_35.png,city,0.04296875,0.0791015625,0.05859375,0.119140625,0.224609375,0.1533203125,0.0546875,0.0712890625,0.0791015625,0.1171875
C:\Users\marcu\Documents\keras-getting-started\stockholm_36.png,city,0.05078125,0.08203125,0.0537109375,0.109375,0.208984375,0.150390625,0.0673828125,0.0673828125,0.08203125,0.1279296875
C:\Users\marcu\Documents\keras-getting-started\stockholm_37.png,city,0.0224609375,0.072265625,0.0244140625,0.072265625,0.140625,0.1611328125,0.0419921875,0.0712890625,0.220703125,0.1728515625
C:\Users\marcu\Documents\keras-getting-started\stockholm_38.png,city,0.0107421875,0.0517578125,0.0107421875,0.072265625,0.1083984375,0.154296875,0.02734375,0.033203125,0.169921875,0.361328125
C:\Users\marcu\Documents\keras-getting-started\stockholm_39.png,city,0.033203125,0.0810546875,0.0380859375,0.06640625,0.126953125,0.1787109375,0.0400390625,0.080078125,0.2138671875,0.1416015625
C:\Users\marcu\Documents\keras-getting-started\stockholm_4.png,city,0.0517578125,0.1123046875,0.0498046875,0.111328125,0.166015625,0.1396484375,0.080078125,0.07421875,0.08203125,0.1328125
C:\Users\marcu\Documents\keras-getting-started\stockholm_40.png,city,0.046875,0.08203125,0.072265625,0.111328125,0.203125,0.130859375,0.0625,0.0703125,0.0888671875,0.1318359375
C:\Users\marcu\Documents\keras-getting-started\stockholm_41.png,city,0.0537109375,0.0732421875,0.060546875,0.123046875,0.224609375,0.1376953125,0.08203125,0.0625,0.064453125,0.1181640625
C:\Users\marcu\Documents\keras-getting-started\stockholm_42.png,city,0.0390625,0.083984375,0.0537109375,0.1318359375,0.25390625,0.1357421875,0.064453125,0.0576171875,0.0654296875,0.1142578125
C:\Users\marcu\Documents\keras-getting-started\stockholm_43.png,city,0.046875,0.107421875,0.041015625,0.09765625,0.15625,0.125,0.0517578125,0.0751953125,0.1572265625,0.1416015625
C:\Users\marcu\Documents\keras-getting-started\stockholm_44.png,city,0.0458984375,0.0810546875,0.0478515625,0.1201171875,0.1806640625,0.1337890625,0.060546875,0.0693359375,0.1328125,0.1279296875
C:\Users\marcu\Documents\keras-getting-started\stockholm_45.png,city,0.0458984375,0.078125,0.0546875,0.1142578125,0.1806640625,0.150390625,0.0556640625,0.0654296875,0.123046875,0.1318359375
C:\Users\marcu\Documents\keras-getting-started\stockholm_46.png,city,0.0107421875,0.0419921875,0.0078125,0.03515625,0.0185546875,0.1484375,0.0185546875,0.0478515625,0.337890625,0.3330078125
C:\Users\marcu\Documents\keras-getting-started\stockholm_47.png,city,0.0302734375,0.078125,0.0263671875,0.056640625,0.126953125,0.1796875,0.0537109375,0.0556640625,0.3017578125,0.0908203125
C:\Users\marcu\Documents\keras-getting-started\stockholm_48.png,city,0.056640625,0.08203125,0.0283203125,0.0859375,0.109375,0.1181640625,0.037109375,0.0625,0.125,0.294921875
C:\Users\marcu\Documents\keras-getting-started\stockholm_49.png,city,0.0126953125,0.03515625,0.0107421875,0.0234375,0.0478515625,0.0966796875,0.01171875,0.017578125,0.533203125,0.2109375
C:\Users\marcu\Documents\keras-getting-started\stockholm_5.png,city,0.068359375,0.1064453125,0.056640625,0.0810546875,0.1962890625,0.099609375,0.064453125,0.0703125,0.1123046875,0.14453125
C:\Users\marcu\Documents\keras-getting-started\stockholm_50.png,city,0.01953125,0.0458984375,0.02734375,0.052734375,0.0498046875,0.138671875,0.025390625,0.033203125,0.4375,0.169921875
C:\Users\marcu\Documents\keras-getting-started\stockholm_51.png,city,0.0703125,0.0830078125,0.072265625,0.109375,0.193359375,0.1162109375,0.06640625,0.078125,0.0732421875,0.1376953125
C:\Users\marcu\Documents\keras-getting-started\stockholm_52.png,city,0.041015625,0.0947265625,0.0625,0.1103515625,0.1748046875,0.1416015625,0.060546875,0.06640625,0.126953125,0.12109375
C:\Users\marcu\Documents\keras-getting-started\stockholm_53.png,city,0.0615234375,0.0966796875,0.041015625,0.10546875,0.220703125,0.10546875,0.052734375,0.0634765625,0.1015625,0.1513671875
C:\Users\marcu\Documents\keras-getting-started\stockholm_54.png,city,0.0615234375,0.0791015625,0.0546875,0.107421875,0.1748046875,0.1083984375,0.05078125,0.064453125,0.1123046875,0.1865234375
C:\Users\marcu\Documents\keras-getting-started\stockholm_55.png,city,0.0634765625,0.1015625,0.064453125,0.111328125,0.15234375,0.1162109375,0.0703125,0.0810546875,0.1025390625,0.13671875
C:\Users\marcu\Documents\keras-getting-started\stockholm_56.png,city,0.0390625,0.0751953125,0.037109375,0.099609375,0.1494140625,0.162109375,0.0537109375,0.056640625,0.1875,0.1396484375
C:\Users\marcu\Documents\keras-getting-started\stockholm_57.png,city,0.0537109375,0.0576171875,0.03515625,0.09375,0.111328125,0.12890625,0.0380859375,0.0595703125,0.2529296875,0.1689453125
C:\Users\marcu\Documents\keras-getting-started\stockholm_58.png,city,0.0361328125,0.05859375,0.0390625,0.095703125,0.08203125,0.171875,0.041015625,0.041015625,0.2900390625,0.14453125
C:\Users\marcu\Documents\keras-getting-started\stockholm_59.png,city,0.0380859375,0.07421875,0.0576171875,0.1376953125,0.181640625,0.1826171875,0.0537109375,0.0498046875,0.119140625,0.10546875
C:\Users\marcu\Documents\keras-getting-started\stockholm_6.png,city,0.0751953125,0.1142578125,0.0712890625,0.08203125,0.138671875,0.099609375,0.0576171875,0.0947265625,0.1044921875,0.162109375
C:\Users\marcu\Documents\keras-getting-started\stockholm_60.png,city,0.0703125,0.091796875,0.048828125,0.099609375,0.2158203125,0.1142578125,0.0576171875,0.0625,0.091796875,0.1474609375
C:\Users\marcu\Documents\keras-getting-started\stockholm_61.png,city,0.0556640625,0.0888671875,0.048828125,0.1064453125,0.1728515625,0.1201171875,0.0537109375,0.07421875,0.1298828125,0.1494140625
C:\Users\marcu\Documents\keras-getting-started\stockholm_62.png,city,0.046875,0.0810546875,0.017578125,0.119140625,0.13671875,0.142578125,0.0537109375,0.072265625,0.2177734375,0.1123046875
C:\Users\marcu\Documents\keras-getting-started\stockholm_63.png,city,0.0537109375,0.0908203125,0.056640625,0.09765625,0.205078125,0.1220703125,0.0615234375,0.0751953125,0.1015625,0.1357421875
C:\Users\marcu\Documents\keras-getting-started\stockholm_7.png,city,0.0498046875,0.0849609375,0.072265625,0.12109375,0.185546875,0.12109375,0.0673828125,0.0732421875,0.076171875,0.1484375
C:\Users\marcu\Documents\keras-getting-started\stockholm_8.png,city,0.0625,0.09375,0.064453125,0.109375,0.197265625,0.1171875,0.083984375,0.0634765625,0.0791015625,0.12890625
C:\Users\marcu\Documents\keras-getting-started\stockholm_9.png,city,0.0517578125,0.1044921875,0.060546875,0.1171875,0.1962890625,0.099609375,0.0634765625,0.05859375,0.1025390625,0.1455078125
C:\Users\marcu\Documents\keras-getting-started\uppsala_0.png,city,0.0693359375,0.0947265625,0.076171875,0.119140625,0.140625,0.1162109375,0.0732421875,0.072265625,0.083984375,0.154296875
C:\Users\marcu\Documents\keras-getting-started\uppsala_1.png,city,0.0732421875,0.09765625,0.083984375,0.0986328125,0.1318359375,0.109375,0.06640625,0.083984375,0.09765625,0.1572265625
C:\Users\marcu\Documents\keras-getting-started\uppsala_10.png,city,0.0625,0.0712890625,0.0712890625,0.1533203125,0.1640625,0.1328125,0.05859375,0.0576171875,0.099609375,0.12890625
C:\Users\marcu\Documents\keras-getting-started\uppsala_11.png,city,0.044921875,0.099609375,0.0654296875,0.1552734375,0.1484375,0.1611328125,0.068359375,0.064453125,0.072265625,0.1201171875
C:\Users\marcu\Documents\keras-getting-started\uppsala_12.png,city,0.064453125,0.0966796875,0.064453125,0.1318359375,0.134765625,0.123046875,0.0546875,0.0703125,0.107421875,0.15234375
C:\Users\marcu\Documents\keras-getting-started\uppsala_13.png,city,0.080078125,0.0869140625,0.0625,0.130859375,0.140625,0.11328125,0.072265625,0.068359375,0.0869140625,0.158203125
C:\Users\marcu\Documents\keras-getting-started\uppsala_14.png,city,0.056640625,0.0693359375,0.0556640625,0.1328125,0.1669921875,0.1533203125,0.072265625,0.0615234375,0.0859375,0.1455078125
C:\Users\marcu\Documents\keras-getting-started\uppsala_15.png,city,0.0556640625,0.0908203125,0.064453125,0.1259765625,0.142578125,0.1484375,0.072265625,0.0654296875,0.08984375,0.14453125
C:\Users\marcu\Documents\keras-getting-started\uppsala_16.png,city,0.041015625,0.0771484375,0.060546875,0.1435546875,0.1796875,0.1455078125,0.0693359375,0.0595703125,0.111328125,0.1123046875
C:\Users\marcu\Documents\keras-getting-started\uppsala_17.png,city,0.056640625,0.0830078125,0.0654296875,0.1416015625,0.1572265625,0.14453125,0.0615234375,0.0634765625,0.0888671875,0.1376953125
C:\Users\marcu\Documents\keras-getting-started\uppsala_18.png,city,0.0615234375,0.0751953125,0.0732421875,0.1318359375,0.16796875,0.140625,0.0771484375,0.0673828125,0.076171875,0.12890625
C:\Users\marcu\Documents\keras-getting-started\uppsala_19.png,city,0.0478515625,0.0810546875,0.068359375,0.16015625,0.17578125,0.1337890625,0.0634765625,0.0654296875,0.0849609375,0.119140625
C:\Users\marcu\Documents\keras-getting-started\uppsala_2.png,city,0.0732421875,0.095703125,0.072265625,0.12890625,0.130859375,0.1298828125,0.0712890625,0.0654296875,0.09375,0.138671875
C:\Users\marcu\Documents\keras-getting-started\uppsala_20.png,city,0.05859375,0.080078125,0.0712890625,0.16015625,0.150390625,0.1572265625,0.060546875,0.07421875,0.06640625,0.12109375
C:\Users\marcu\Documents\keras-getting-started\uppsala_21.png,city,0.0595703125,0.0888671875,0.044921875,0.1298828125,0.15625,0.140625,0.0771484375,0.068359375,0.091796875,0.142578125
C:\Users\marcu\Documents\keras-getting-started\uppsala_22.png,city,0.06640625,0.0908203125,0.0537109375,0.12890625,0.138671875,0.1416015625,0.0673828125,0.0634765625,0.0986328125,0.150390625
C:\Users\marcu\Documents\keras-getting-started\uppsala_23.png,city,0.0458984375,0.0859375,0.06640625,0.14453125,0.1669921875,0.15625,0.0849609375,0.060546875,0.0625,0.1259765625
C:\Users\marcu\Documents\keras-getting-started\uppsala_24.png,city,0.0546875,0.0869140625,0.05078125,0.111328125,0.1669921875,0.1240234375,0.0595703125,0.0595703125,0.181640625,0.1044921875
C:\Users\marcu\Documents\keras-getting-started\uppsala_25.png,city,0.0400390625,0.072265625,0.060546875,0.1767578125,0.173828125,0.14453125,0.072265625,0.0576171875,0.08984375,0.1123046875
C:\Users\marcu\Documents\keras-getting-started\uppsala_26.png,city,0.0498046875,0.0947265625,0.0693359375,0.154296875,0.1640625,0.1572265625,0.060546875,0.0615234375,0.07421875,0.1142578125
C:\Users\marcu\Documents\keras-getting-started\uppsala_27.png,city,0.0625,0.0791015625,0.076171875,0.14453125,0.166015625,0.12890625,0.0712890625,0.0634765625,0.0751953125,0.1328125
C:\Users\marcu\Documents\keras-getting-started\uppsala_28.png,city,0.0634765625,0.07421875,0.068359375,0.150390625,0.1611328125,0.13671875,0.0947265625,0.0634765625,0.0712890625,0.1162109375
C:\Users\marcu\Documents\keras-getting-started\uppsala_29.png,city,0.0673828125,0.1015625,0.0595703125,0.1240234375,0.1416015625,0.126953125,0.072265625,0.07421875,0.095703125,0.13671875
C:\Users\marcu\Documents\keras-getting-started\uppsala_3.png,city,0.0673828125,0.095703125,0.0703125,0.1298828125,0.1416015625,0.1279296875,0.0634765625,0.0634765625,0.0927734375,0.1474609375
C:\Users\marcu\Documents\keras-getting-started\uppsala_30.png,city,0.05859375,0.09375,0.0693359375,0.140625,0.15625,0.1328125,0.0517578125,0.078125,0.08984375,0.12890625
C:\Users\marcu\Documents\keras-getting-started\uppsala_31.png,city,0.0712890625,0.0810546875,0.0673828125,0.1318359375,0.1640625,0.1376953125,0.0751953125,0.064453125,0.0732421875,0.1337890625
C:\Users\marcu\Documents\keras-getting-started\uppsala_32.png,city,0.0498046875,0.09375,0.0537109375,0.140625,0.18359375,0.1455078125,0.06640625,0.0654296875,0.0771484375,0.1240234375
C:\Users\marcu\Documents\keras-getting-started\uppsala_33.png,city,0.0537109375,0.0859375,0.0576171875,0.1513671875,0.1708984375,0.138671875,0.0849609375,0.0517578125,0.080078125,0.125
C:\Users\marcu\Documents\keras-getting-started\uppsala_34.png,city,0.060546875,0.08984375,0.052734375,0.1279296875,0.1748046875,0.1455078125,0.060546875,0.0693359375,0.078125,0.140625
C:\Users\marcu\Documents\keras-getting-started\uppsala_35.png,city,0.0439453125,0.091796875,0.060546875,0.154296875,0.138671875,0.150390625,0.056640625,0.06640625,0.1025390625,0.134765625
C:\Users\marcu\Documents\keras-getting-started\uppsala_36.png,city,0.0546875,0.080078125,0.056640625,0.138671875,0.1455078125,0.1533203125,0.0849609375,0.083984375,0.080078125,0.1220703125
C:\Users\marcu\Documents\keras-getting-started\uppsala_37.png,city,0.05859375,0.0849609375,0.080078125,0.1484375,0.1328125,0.126953125,0.0771484375,0.078125,0.0859375,0.126953125
C:\Users\marcu\Documents\keras-getting-started\uppsala_38.png,city,0.046875,0.0927734375,0.056640625,0.1416015625,0.1240234375,0.146484375,0.0703125,0.072265625,0.0966796875,0.15234375
C:\Users\marcu\Documents\keras-getting-started\uppsala_39.png,city,0.056640625,0.076171875,0.056640625,0.154296875,0.1630859375,0.1396484375,0.0615234375,0.0830078125,0.0810546875,0.1279296875
C:\Users\marcu\Documents\keras-getting-started\uppsala_4.png,city,0.0791015625,0.087890625,0.0712890625,0.1279296875,0.1259765625,0.0966796875,0.080078125,0.0849609375,0.087890625,0.158203125
C:\Users\marcu\Documents\keras-getting-started\uppsala_40.png,city,0.0693359375,0.09375,0.0556640625,0.1171875,0.134765625,0.142578125,0.0791015625,0.0625,0.0869140625,0.158203125
C:\Users\marcu\Documents\keras-getting-started\uppsala_41.png,city,0.0517578125,0.0927734375,0.0712890625,0.1298828125,0.1416015625,0.134765625,0.0693359375,0.0625,0.1015625,0.14453125
C:\Users\marcu\Documents\keras-getting-started\uppsala_42.png,city,0.068359375,0.08203125,0.0634765625,0.1259765625,0.16796875,0.150390625,0.076171875,0.060546875,0.076171875,0.12890625
C:\Users\marcu\Documents\keras-getting-started\uppsala_43.png,city,0.0625,0.099609375,0.0673828125,0.123046875,0.1474609375,0.1220703125,0.07421875,0.080078125,0.0751953125,0.1484375
C:\Users\marcu\Documents\keras-getting-started\uppsala_44.png,city,0.05859375,0.080078125,0.080078125,0.1337890625,0.166015625,0.14453125,0.0595703125,0.0673828125,0.076171875,0.1337890625
C:\Users\marcu\Documents\keras-getting-started\uppsala_45.png,city,0.0615234375,0.0751953125,0.064453125,0.1669921875,0.1650390625,0.1337890625,0.06640625,0.060546875,0.076171875,0.1298828125
C:\Users\marcu\Documents\keras-getting-started\uppsala_46.png,city,0.05859375,0.0908203125,0.052734375,0.1474609375,0.134765625,0.1328125,0.0634765625,0.0712890625,0.0908203125,0.1572265625
C:\Users\marcu\Documents\keras-getting-started\uppsala_47.png,city,0.0576171875,0.0849609375,0.056640625,0.134765625,0.189453125,0.1181640625,0.06640625,0.06640625,0.083984375,0.1416015625
C:\Users\marcu\Documents\keras-getting-started\uppsala_48.png,city,0.0810546875,0.0869140625,0.0732421875,0.1240234375,0.11328125,0.1318359375,0.0703125,0.0693359375,0.0986328125,0.1513671875
C:\Users\marcu\Documents\keras-getting-started\uppsala_49.png,city,0.0625,0.0732421875,0.0673828125,0.1474609375,0.1513671875,0.142578125,0.0703125,0.05859375,0.0771484375,0.1494140625
C:\Users\marcu\Documents\keras-getting-started\uppsala_5.png,city,0.08203125,0.0947265625,0.05859375,0.1181640625,0.1142578125,0.12109375,0.0732421875,0.0693359375,0.10546875,0.1630859375
C:\Users\marcu\Documents\keras-getting-started\uppsala_50.png,city,0.08984375,0.0927734375,0.0654296875,0.1064453125,0.1005859375,0.1142578125,0.0830078125,0.068359375,0.119140625,0.16015625
C:\Users\marcu\Documents\keras-getting-started\uppsala_51.png,city,0.080078125,0.078125,0.07421875,0.13671875,0.1103515625,0.13671875,0.0693359375,0.080078125,0.0859375,0.1484375
C:\Users\marcu\Documents\keras-getting-started\uppsala_52.png,city,0.06640625,0.0986328125,0.068359375,0.123046875,0.1435546875,0.0966796875,0.07421875,0.08203125,0.103515625,0.1435546875
C:\Users\marcu\Documents\keras-getting-started\uppsala_53.png,city,0.080078125,0.083984375,0.0771484375,0.115234375,0.142578125,0.0966796875,0.06640625,0.0712890625,0.0966796875,0.169921875
C:\Users\marcu\Documents\keras-getting-started\uppsala_54.png,city,0.072265625,0.1015625,0.0830078125,0.0849609375,0.14453125,0.12890625,0.05859375,0.060546875,0.1005859375,0.1650390625
C:\Users\marcu\Documents\keras-getting-started\uppsala_55.png,city,0.0888671875,0.091796875,0.0703125,0.1083984375,0.1220703125,0.111328125,0.060546875,0.0654296875,0.10546875,0.17578125
C:\Users\marcu\Documents\keras-getting-started\uppsala_56.png,city,0.0625,0.095703125,0.0634765625,0.1455078125,0.1376953125,0.1357421875,0.0576171875,0.0595703125,0.095703125,0.146484375
C:\Users\marcu\Documents\keras-getting-started\uppsala_57.png,city,0.052734375,0.08984375,0.076171875,0.146484375,0.1396484375,0.1298828125,0.068359375,0.060546875,0.0849609375,0.1513671875
C:\Users\marcu\Documents\keras-getting-started\uppsala_58.png,city,0.0634765625,0.09375,0.068359375,0.1484375,0.1318359375,0.12890625,0.0771484375,0.060546875,0.0869140625,0.140625
C:\Users\marcu\Documents\keras-getting-started\uppsala_59.png,city,0.08984375,0.095703125,0.064453125,0.10546875,0.1201171875,0.1044921875,0.0537109375,0.0751953125,0.119140625,0.171875
C:\Users\marcu\Documents\keras-getting-started\uppsala_6.png,city,0.0625,0.078125,0.0673828125,0.140625,0.1318359375,0.1484375,0.0732421875,0.0703125,0.0888671875,0.138671875
C:\Users\marcu\Documents\keras-getting-started\uppsala_60.png,city,0.0703125,0.1005859375,0.060546875,0.0849609375,0.17578125,0.099609375,0.060546875,0.064453125,0.11328125,0.169921875
C:\Users\marcu\Documents\keras-getting-started\uppsala_61.png,city,0.0751953125,0.0927734375,0.064453125,0.1162109375,0.1259765625,0.1416015625,0.068359375,0.0751953125,0.087890625,0.15234375
C:\Users\marcu\Documents\keras-getting-started\uppsala_62.png,city,0.07421875,0.091796875,0.0703125,0.1240234375,0.1181640625,0.13671875,0.072265625,0.072265625,0.087890625,0.15234375
C:\Users\marcu\Documents\keras-getting-started\uppsala_63.png,city,0.0703125,0.0927734375,0.068359375,0.138671875,0.1494140625,0.12109375,0.0703125,0.0576171875,0.0927734375,0.138671875
C:\Users\marcu\Documents\keras-getting-started\uppsala_7.png,city,0.0634765625,0.1005859375,0.0673828125,0.1376953125,0.142578125,0.1240234375,0.0615234375,0.06640625,0.087890625,0.1484375
C:\Users\marcu\Documents\keras-getting-started\uppsala_8.png,city,0.060546875,0.0947265625,0.0693359375,0.1259765625,0.1669921875,0.12890625,0.060546875,0.07421875,0.0810546875,0.1376953125
C:\Users\marcu\Documents\keras-getting-started\uppsala_9.png,city,0.0732421875,0.0859375,0.0693359375,0.1220703125,0.15234375,0.140625,0.072265625,0.0751953125,0.0771484375,0.1318359375
C:\Users\marcu\Documents\keras-getting-started\björkå_0.png,village,0.0927734375,0.11328125,0.0810546875,0.0673828125,0.083984375,0.0771484375,0.078125,0.08984375,0.1123046875,0.2041015625
C:\Users\marcu\Documents\keras-getting-started\björkå_1.png,village,0.0595703125,0.1181640625,0.076171875,0.1015625,0.1044921875,0.130859375,0.0771484375,0.083984375,0.0908203125,0.1572265625
C:\Users\marcu\Documents\keras-getting-started\björkå_10.png,village,0.0703125,0.109375,0.08203125,0.111328125,0.0947265625,0.1201171875,0.0849609375,0.0908203125,0.083984375,0.15234375
C:\Users\marcu\Documents\keras-getting-started\björkå_11.png,village,0.0556640625,0.1103515625,0.06640625,0.125,0.1181640625,0.1328125,0.0810546875,0.0751953125,0.09765625,0.1376953125
C:\Users\marcu\Documents\keras-getting-started\björkå_12.png,village,0.0498046875,0.1044921875,0.0556640625,0.1064453125,0.158203125,0.154296875,0.095703125,0.068359375,0.0712890625,0.1357421875
C:\Users\marcu\Documents\keras-getting-started\björkå_13.png,village,0.048828125,0.1005859375,0.0654296875,0.1171875,0.1533203125,0.16015625,0.080078125,0.064453125,0.072265625,0.1376953125
C:\Users\marcu\Documents\keras-getting-started\björkå_14.png,village,0.05859375,0.0927734375,0.0478515625,0.1181640625,0.1298828125,0.1728515625,0.080078125,0.0791015625,0.0888671875,0.1318359375
C:\Users\marcu\Documents\keras-getting-started\björkå_15.png,village,0.06640625,0.0927734375,0.068359375,0.1181640625,0.1005859375,0.1484375,0.0908203125,0.072265625,0.1015625,0.140625
C:\Users\marcu\Documents\keras-getting-started\björkå_16.png,village,0.0458984375,0.11328125,0.05078125,0.1376953125,0.119140625,0.1357421875,0.0849609375,0.0703125,0.09765625,0.14453125
C:\Users\marcu\Documents\keras-getting-started\björkå_17.png,village,0.0751953125,0.103515625,0.07421875,0.1015625,0.1103515625,0.10546875,0.0751953125,0.083984375,0.10546875,0.1650390625
C:\Users\marcu\Documents\keras-getting-started\björkå_18.png,village,0.06640625,0.1123046875,0.078125,0.10546875,0.10546875,0.10546875,0.1015625,0.0888671875,0.09375,0.142578125
C:\Users\marcu\Documents\keras-getting-started\björkå_19.png,village,0.06640625,0.1220703125,0.0859375,0.095703125,0.0869140625,0.0966796875,0.087890625,0.0908203125,0.1064453125,0.1611328125
C:\Users\marcu\Documents\keras-getting-started\björkå_2.png,village,0.0556640625,0.109375,0.0703125,0.1123046875,0.1083984375,0.146484375,0.0859375,0.0771484375,0.0810546875,0.1533203125
C:\Users\marcu\Documents\keras-getting-started\björkå_20.png,village,0.0537109375,0.107421875,0.0703125,0.1171875,0.1376953125,0.1337890625,0.083984375,0.0673828125,0.087890625,0.140625
C:\Users\marcu\Documents\keras-getting-started\björkå_21.png,village,0.060546875,0.1083984375,0.072265625,0.119140625,0.111328125,0.1162109375,0.076171875,0.06640625,0.09765625,0.171875
C:\Users\marcu\Documents\keras-getting-started\björkå_22.png,village,0.06640625,0.0859375,0.068359375,0.1064453125,0.140625,0.1455078125,0.076171875,0.0791015625,0.09375,0.1376953125
C:\Users\marcu\Documents\keras-getting-started\björkå_23.png,village,0.0615234375,0.115234375,0.072265625,0.115234375,0.095703125,0.1064453125,0.0966796875,0.078125,0.09765625,0.1611328125
C:\Users\marcu\Documents\keras-getting-started\björkå_24.png,village,0.04296875,0.095703125,0.041015625,0.1181640625,0.134765625,0.154296875,0.078125,0.068359375,0.10546875,0.1611328125
C:\Users\marcu\Documents\keras-getting-started\björkå_25.png,village,0.056640625,0.0986328125,0.06640625,0.1162109375,0.134765625,0.140625,0.0791015625,0.06640625,0.0859375,0.1552734375
C:\Users\marcu\Documents\keras-getting-started\björkå_26.png,village,0.0634765625,0.1005859375,0.0634765625,0.1279296875,0.1259765625,0.14453125,0.0947265625,0.06640625,0.083984375,0.12890625
C:\Users\marcu\Documents\keras-getting-started\björkå_27.png,village,0.07421875,0.1015625,0.068359375,0.0947265625,0.103515625,0.1083984375,0.09765625,0.078125,0.1025390625,0.1708984375
C:\Users\marcu\Documents\keras-getting-started\björkå_28.png,village,0.052734375,0.0947265625,0.056640625,0.119140625,0.1650390625,0.134765625,0.0712890625,0.0791015625,0.076171875,0.150390625
C:\Users\marcu\Documents\keras-getting-started\björkå_29.png,village,0.05859375,0.1259765625,0.0615234375,0.1181640625,0.111328125,0.1357421875,0.072265625,0.0830078125,0.095703125,0.1376953125
C:\Users\marcu\Documents\keras-getting-started\björkå_3.png,village,0.0712890625,0.12109375,0.060546875,0.1025390625,0.0791015625,0.1044921875,0.0849609375,0.0869140625,0.111328125,0.177734375
C:\Users\marcu\Documents\keras-getting-started\björkå_30.png,village,0.0693359375,0.1103515625,0.072265625,0.1083984375,0.1201171875,0.119140625,0.0849609375,0.078125,0.09375,0.1435546875
C:\Users\marcu\Documents\keras-getting-started\björkå_31.png,village,0.0615234375,0.11328125,0.0537109375,0.109375,0.08203125,0.1220703125,0.09375,0.083984375,0.109375,0.1708984375
C:\Users\marcu\Documents\keras-getting-started\björkå_32.png,village,0.052734375,0.1142578125,0.048828125,0.0830078125,0.1240234375,0.166015625,0.068359375,0.08203125,0.0927734375,0.16796875
C:\Users\marcu\Documents\keras-getting-started\björkå_33.png,village,0.03125,0.0791015625,0.0361328125,0.146484375,0.146484375,0.2060546875,0.0888671875,0.06640625,0.08203125,0.1171875
C:\Users\marcu\Documents\keras-getting-started\björkå_34.png,village,0.056640625,0.1123046875,0.056640625,0.1005859375,0.1357421875,0.126953125,0.0888671875,0.07421875,0.08203125,0.166015625
C:\Users\marcu\Documents\keras-getting-started\björkå_35.png,village,0.0498046875,0.107421875,0.080078125,0.109375,0.1162109375,0.12890625,0.0888671875,0.083984375,0.083984375,0.1513671875
C:\Users\marcu\Documents\keras-getting-started\björkå_36.png,village,0.0361328125,0.1025390625,0.0517578125,0.1396484375,0.14453125,0.1728515625,0.080078125,0.078125,0.072265625,0.1220703125
C:\Users\marcu\Documents\keras-getting-started\björkå_37.png,village,0.060546875,0.11328125,0.0654296875,0.10546875,0.107421875,0.1328125,0.0859375,0.087890625,0.0830078125,0.158203125
C:\Users\marcu\Documents\keras-getting-started\björkå_38.png,village,0.05859375,0.1259765625,0.0634765625,0.11328125,0.11328125,0.1220703125,0.0810546875,0.0888671875,0.087890625,0.1455078125
C:\Users\marcu\Documents\keras-getting-started\björkå_39.png,village,0.05859375,0.1416015625,0.0576171875,0.08984375,0.1044921875,0.14453125,0.0791015625,0.087890625,0.09765625,0.138671875
C:\Users\marcu\Documents\keras-getting-started\björkå_4.png,village,0.0595703125,0.11328125,0.0556640625,0.115234375,0.10546875,0.1328125,0.07421875,0.0791015625,0.1044921875,0.16015625
C:\Users\marcu\Documents\keras-getting-started\björkå_40.png,village,0.0859375,0.1181640625,0.0625,0.0830078125,0.0908203125,0.107421875,0.0791015625,0.0810546875,0.11328125,0.1787109375
C:\Users\marcu\Documents\keras-getting-started\björkå_41.png,village,0.0576171875,0.087890625,0.056640625,0.1162109375,0.150390625,0.13671875,0.080078125,0.076171875,0.0966796875,0.1416015625
C:\Users\marcu\Documents\keras-getting-started\björkå_42.png,village,0.048828125,0.09765625,0.068359375,0.12109375,0.1396484375,0.1611328125,0.0869140625,0.056640625,0.0859375,0.1337890625
C:\Users\marcu\Documents\keras-getting-started\björkå_43.png,village,0.052734375,0.1103515625,0.0634765625,0.099609375,0.1650390625,0.14453125,0.0830078125,0.0791015625,0.0703125,0.1318359375
C:\Users\marcu\Documents\keras-getting-started\björkå_44.png,village,0.05859375,0.107421875,0.0615234375,0.1044921875,0.1376953125,0.11328125,0.08984375,0.0859375,0.0869140625,0.154296875
C:\Users\marcu\Documents\keras-getting-started\björkå_45.png,village,0.0595703125,0.1064453125,0.04296875,0.1103515625,0.1484375,0.123046875,0.083984375,0.08203125,0.0986328125,0.14453125
C:\Users\marcu\Documents\keras-getting-started\björkå_46.png,village,0.0654296875,0.1142578125,0.05859375,0.0966796875,0.1298828125,0.1328125,0.08203125,0.0712890625,0.1044921875,0.14453125
C:\Users\marcu\Documents\keras-getting-started\björkå_47.png,village,0.068359375,0.119140625,0.0693359375,0.107421875,0.0849609375,0.1123046875,0.087890625,0.0986328125,0.0908203125,0.1611328125
C:\Users\marcu\Documents\keras-getting-started\björkå_48.png,village,0.0703125,0.1328125,0.07421875,0.0888671875,0.072265625,0.095703125,0.0732421875,0.087890625,0.1220703125,0.1826171875
C:\Users\marcu\Documents\keras-getting-started\björkå_49.png,village,0.0517578125,0.1201171875,0.0712890625,0.10546875,0.099609375,0.1328125,0.080078125,0.0908203125,0.0927734375,0.1552734375
C:\Users\marcu\Documents\keras-getting-started\björkå_5.png,village,0.0595703125,0.109375,0.046875,0.10546875,0.1611328125,0.1279296875,0.0751953125,0.0771484375,0.091796875,0.1455078125
C:\Users\marcu\Documents\keras-getting-started\björkå_50.png,village,0.0625,0.1005859375,0.05859375,0.1005859375,0.14453125,0.142578125,0.080078125,0.080078125,0.0791015625,0.1513671875
C:\Users\marcu\Documents\keras-getting-started\björkå_51.png,village,0.0703125,0.115234375,0.060546875,0.1259765625,0.0771484375,0.1259765625,0.0986328125,0.091796875,0.0869140625,0.1474609375
C:\Users\marcu\Documents\keras-getting-started\björkå_52.png,village,0.05078125,0.1064453125,0.0654296875,0.1103515625,0.13671875,0.1298828125,0.0908203125,0.064453125,0.095703125,0.1494140625
C:\Users\marcu\Documents\keras-getting-started\björkå_53.png,village,0.064453125,0.1083984375,0.0615234375,0.1162109375,0.109375,0.1103515625,0.080078125,0.0849609375,0.1044921875,0.16015625
C:\Users\marcu\Documents\keras-getting-started\björkå_54.png,village,0.0595703125,0.1162109375,0.0615234375,0.109375,0.11328125,0.125,0.0771484375,0.080078125,0.091796875,0.166015625
C:\Users\marcu\Documents\keras-getting-started\björkå_55.png,village,0.05859375,0.1162109375,0.0478515625,0.125,0.08984375,0.1328125,0.0927734375,0.0986328125,0.08984375,0.1484375
C:\Users\marcu\Documents\keras-getting-started\björkå_56.png,village,0.087890625,0.1103515625,0.076171875,0.091796875,0.078125,0.0810546875,0.0791015625,0.095703125,0.10546875,0.1943359375
C:\Users\marcu\Documents\keras-getting-started\björkå_57.png,village,0.0625,0.107421875,0.0673828125,0.0966796875,0.1142578125,0.1025390625,0.083984375,0.0791015625,0.1064453125,0.1796875
C:\Users\marcu\Documents\keras-getting-started\björkå_58.png,village,0.0615234375,0.0986328125,0.064453125,0.107421875,0.1318359375,0.1259765625,0.0927734375,0.0673828125,0.0888671875,0.1611328125
C:\Users\marcu\Documents\keras-getting-started\björkå_59.png,village,0.052734375,0.11328125,0.0625,0.1044921875,0.123046875,0.1259765625,0.095703125,0.083984375,0.09375,0.14453125
C:\Users\marcu\Documents\keras-getting-started\björkå_6.png,village,0.06640625,0.0869140625,0.0634765625,0.126953125,0.1181640625,0.1318359375,0.1005859375,0.0595703125,0.09765625,0.1484375
C:\Users\marcu\Documents\keras-getting-started\björkå_60.png,village,0.0517578125,0.0859375,0.0517578125,0.12890625,0.1513671875,0.15625,0.0576171875,0.0869140625,0.0966796875,0.1328125
C:\Users\marcu\Documents\keras-getting-started\björkå_61.png,village,0.0654296875,0.12890625,0.0791015625,0.08203125,0.0986328125,0.083984375,0.0673828125,0.0869140625,0.1162109375,0.19140625
C:\Users\marcu\Documents\keras-getting-started\björkå_62.png,village,0.064453125,0.111328125,0.068359375,0.0927734375,0.1005859375,0.125,0.0791015625,0.0888671875,0.1005859375,0.1689453125
C:\Users\marcu\Documents\keras-getting-started\björkå_63.png,village,0.06640625,0.1298828125,0.0673828125,0.0966796875,0.08203125,0.08984375,0.0703125,0.0966796875,0.12109375,0.1796875
C:\Users\marcu\Documents\keras-getting-started\björkå_7.png,village,0.0439453125,0.0888671875,0.0458984375,0.1416015625,0.1376953125,0.140625,0.078125,0.060546875,0.0927734375,0.169921875
C:\Users\marcu\Documents\keras-getting-started\björkå_8.png,village,0.0771484375,0.1201171875,0.056640625,0.0830078125,0.087890625,0.08984375,0.091796875,0.0830078125,0.109375,0.201171875
C:\Users\marcu\Documents\keras-getting-started\björkå_9.png,village,0.0751953125,0.12890625,0.0703125,0.0888671875,0.0908203125,0.1044921875,0.078125,0.076171875,0.1123046875,0.1748046875
C:\Users\marcu\Documents\keras-getting-started\lillskog_0.png,village,0.05078125,0.0888671875,0.056640625,0.0947265625,0.1953125,0.125,0.0830078125,0.0810546875,0.072265625,0.15234375
C:\Users\marcu\Documents\keras-getting-started\lillskog_1.png,village,0.064453125,0.1025390625,0.0634765625,0.09765625,0.1220703125,0.1357421875,0.095703125,0.0888671875,0.064453125,0.1650390625
C:\Users\marcu\Documents\keras-getting-started\lillskog_10.png,village,0.060546875,0.0966796875,0.076171875,0.11328125,0.134765625,0.1435546875,0.0830078125,0.0673828125,0.083984375,0.140625
C:\Users\marcu\Documents\keras-getting-started\lillskog_11.png,village,0.0546875,0.083984375,0.0634765625,0.1396484375,0.154296875,0.1533203125,0.0751953125,0.0712890625,0.0771484375,0.126953125
C:\Users\marcu\Documents\keras-getting-started\lillskog_12.png,village,0.044921875,0.1005859375,0.072265625,0.1328125,0.146484375,0.158203125,0.099609375,0.0673828125,0.0556640625,0.1220703125
C:\Users\marcu\Documents\keras-getting-started\lillskog_13.png,village,0.078125,0.1201171875,0.0634765625,0.08203125,0.1171875,0.123046875,0.0771484375,0.0888671875,0.0869140625,0.1630859375
C:\Users\marcu\Documents\keras-getting-started\lillskog_14.png,village,0.068359375,0.103515625,0.072265625,0.1025390625,0.14453125,0.1357421875,0.076171875,0.0673828125,0.0830078125,0.146484375
C:\Users\marcu\Documents\keras-getting-started\lillskog_15.png,village,0.0439453125,0.0830078125,0.0625,0.1337890625,0.1767578125,0.1572265625,0.0810546875,0.0625,0.07421875,0.125
C:\Users\marcu\Documents\keras-getting-started\lillskog_16.png,village,0.0703125,0.11328125,0.076171875,0.09765625,0.099609375,0.126953125,0.087890625,0.080078125,0.087890625,0.16015625
C:\Users\marcu\Documents\keras-getting-started\lillskog_17.png,village,0.046875,0.0908203125,0.056640625,0.1240234375,0.1533203125,0.1640625,0.0771484375,0.064453125,0.1123046875,0.1103515625
C:\Users\marcu\Documents\keras-getting-started\lillskog_18.png,village,0.0517578125,0.083984375,0.078125,0.13671875,0.130859375,0.154296875,0.0888671875,0.072265625,0.078125,0.125
C:\Users\marcu\Documents\keras-getting-started\lillskog_19.png,village,0.04296875,0.068359375,0.0517578125,0.1435546875,0.1708984375,0.1845703125,0.0615234375,0.078125,0.07421875,0.1240234375
C:\Users\marcu\Documents\keras-getting-started\lillskog_2.png,village,0.087890625,0.09765625,0.0732421875,0.095703125,0.08984375,0.115234375,0.091796875,0.0869140625,0.0849609375,0.1767578125
C:\Users\marcu\Documents\keras-getting-started\lillskog_20.png,village,0.0224609375,0.0595703125,0.0302734375,0.1640625,0.138671875,0.2041015625,0.0810546875,0.056640625,0.126953125,0.1162109375
C:\Users\marcu\Documents\keras-getting-started\lillskog_21.png,village,0.03125,0.0830078125,0.046875,0.1416015625,0.185546875,0.1982421875,0.0859375,0.060546875,0.0615234375,0.10546875
C:\Users\marcu\Documents\keras-getting-started\lillskog_22.png,village,0.04296875,0.099609375,0.072265625,0.1318359375,0.1318359375,0.1455078125,0.087890625,0.072265625,0.0693359375,0.146484375
C:\Users\marcu\Documents\keras-getting-started\lillskog_23.png,village,0.041015625,0.0703125,0.048828125,0.14453125,0.177734375,0.162109375,0.0693359375,0.0634765625,0.09765625,0.125
C:\Users\marcu\Documents\keras-getting-started\lillskog_24.png,village,0.0732421875,0.1162109375,0.072265625,0.11328125,0.1015625,0.111328125,0.0859375,0.076171875,0.1025390625,0.1474609375
C:\Users\marcu\Documents\keras-getting-started\lillskog_25.png,village,0.033203125,0.087890625,0.0458984375,0.12109375,0.15234375,0.1455078125,0.0576171875,0.072265625,0.146484375,0.1376953125
C:\Users\marcu\Documents\keras-getting-started\lillskog_26.png,village,0.0380859375,0.0830078125,0.044921875,0.1279296875,0.1748046875,0.1689453125,0.0751953125,0.0576171875,0.0927734375,0.13671875
C:\Users\marcu\Documents\keras-getting-started\lillskog_27.png,village,0.0224609375,0.080078125,0.03515625,0.1181640625,0.16015625,0.2060546875,0.076171875,0.0712890625,0.119140625,0.111328125
C:\Users\marcu\Documents\keras-getting-started\lillskog_28.png,village,0.0283203125,0.068359375,0.0234375,0.1357421875,0.1875,0.22265625,0.0732421875,0.0498046875,0.1005859375,0.1103515625
C:\Users\marcu\Documents\keras-getting-started\lillskog_29.png,village,0.0341796875,0.0869140625,0.0478515625,0.1240234375,0.166015625,0.1787109375,0.078125,0.064453125,0.08984375,0.1298828125
C:\Users\marcu\Documents\keras-getting-started\lillskog_3.png,village,0.0810546875,0.0888671875,0.0595703125,0.1044921875,0.150390625,0.14453125,0.072265625,0.0693359375,0.0703125,0.1591796875
C:\Users\marcu\Documents\keras-getting-started\lillskog_30.png,village,0.0224609375,0.1005859375,0.037109375,0.12890625,0.150390625,0.2041015625,0.083984375,0.0556640625,0.1083984375,0.1083984375
C:\Users\marcu\Documents\keras-getting-started\lillskog_31.png,village,0.04296875,0.0810546875,0.0654296875,0.14453125,0.185546875,0.154296875,0.0791015625,0.0595703125,0.07421875,0.11328125
C:\Users\marcu\Documents\keras-getting-started\lillskog_32.png,village,0.076171875,0.125,0.0693359375,0.0849609375,0.107421875,0.1181640625,0.06640625,0.0859375,0.11328125,0.1533203125
C:\Users\marcu\Documents\keras-getting-started\lillskog_33.png,village,0.0703125,0.1083984375,0.0537109375,0.1064453125,0.126953125,0.1318359375,0.0791015625,0.080078125,0.087890625,0.1552734375
C:\Users\marcu\Documents\keras-getting-started\lillskog_34.png,village,0.041015625,0.09375,0.0751953125,0.1240234375,0.14453125,0.166015625,0.087890625,0.0654296875,0.0830078125,0.119140625
C:\Users\marcu\Documents\keras-getting-started\lillskog_35.png,village,0.0380859375,0.0888671875,0.0546875,0.123046875,0.1240234375,0.16796875,0.09765625,0.0703125,0.1005859375,0.134765625
C:\Users\marcu\Documents\keras-getting-started\lillskog_36.png,village,0.01953125,0.056640625,0.0234375,0.1279296875,0.1162109375,0.271484375,0.060546875,0.06640625,0.15234375,0.10546875
C:\Users\marcu\Documents\keras-getting-started\lillskog_37.png,village,0.029296875,0.0654296875,0.02734375,0.134765625,0.0791015625,0.208984375,0.05859375,0.0693359375,0.22265625,0.1044921875
C:\Users\marcu\Documents\keras-getting-started\lillskog_38.png,village,0.0341796875,0.0771484375,0.060546875,0.1279296875,0.1474609375,0.1875,0.099609375,0.064453125,0.0751953125,0.1259765625
C:\Users\marcu\Documents\keras-getting-started\lillskog_39.png,village,0.06640625,0.1064453125,0.0732421875,0.1015625,0.13671875,0.125,0.0869140625,0.078125,0.076171875,0.1494140625
C:\Users\marcu\Documents\keras-getting-started\lillskog_4.png,village,0.08203125,0.11328125,0.0751953125,0.091796875,0.0986328125,0.1103515625,0.0732421875,0.1025390625,0.09765625,0.1552734375
C:\Users\marcu\Documents\keras-getting-started\lillskog_40.png,village,0.0537109375,0.095703125,0.056640625,0.111328125,0.1630859375,0.1572265625,0.0810546875,0.0693359375,0.0791015625,0.1328125
C:\Users\marcu\Documents\keras-getting-started\lillskog_41.png,village,0.0615234375,0.0927734375,0.0673828125,0.119140625,0.1552734375,0.1396484375,0.0771484375,0.0576171875,0.0966796875,0.1328125
C:\Users\marcu\Documents\keras-getting-started\lillskog_42.png,village,0.044921875,0.1015625,0.05859375,0.134765625,0.1318359375,0.166015625,0.0830078125,0.080078125,0.0771484375,0.1220703125
C:\Users\marcu\Documents\keras-getting-started\lillskog_43.png,village,0.0390625,0.08984375,0.0341796875,0.1435546875,0.13671875,0.193359375,0.09765625,0.0673828125,0.0888671875,0.109375
C:\Users\marcu\Documents\keras-getting-started\lillskog_44.png,village,0.0439453125,0.078125,0.0595703125,0.111328125,0.1318359375,0.1923828125,0.0751953125,0.0888671875,0.08984375,0.12890625
C:\Users\marcu\Documents\keras-getting-started\lillskog_45.png,village,0.044921875,0.0927734375,0.0556640625,0.138671875,0.1318359375,0.171875,0.0830078125,0.0654296875,0.0810546875,0.134765625
C:\Users\marcu\Documents\keras-getting-started\lillskog_46.png,village,0.0498046875,0.078125,0.0517578125,0.1484375,0.08984375,0.1669921875,0.0634765625,0.072265625,0.17578125,0.103515625
C:\Users\marcu\Documents\keras-getting-started\lillskog_47.png,village,0.0498046875,0.1005859375,0.0712890625,0.1162109375,0.1123046875,0.16015625,0.0810546875,0.06640625,0.1025390625,0.1396484375
C:\Users\marcu\Documents\keras-getting-started\lillskog_48.png,village,0.0751953125,0.1162109375,0.064453125,0.1064453125,0.099609375,0.1181640625,0.0712890625,0.09375,0.095703125,0.1591796875
C:\Users\marcu\Documents\keras-getting-started\lillskog_49.png,village,0.056640625,0.103515625,0.0634765625,0.123046875,0.126953125,0.1416015625,0.083984375,0.0751953125,0.0888671875,0.13671875
C:\Users\marcu\Documents\keras-getting-started\lillskog_5.png,village,0.078125,0.1181640625,0.0693359375,0.0986328125,0.1044921875,0.1171875,0.091796875,0.07421875,0.0849609375,0.1630859375
C:\Users\marcu\Documents\keras-getting-started\lillskog_50.png,village,0.0419921875,0.09375,0.041015625,0.130859375,0.1640625,0.1484375,0.0869140625,0.06640625,0.107421875,0.119140625
C:\Users\marcu\Documents\keras-getting-started\lillskog_51.png,village,0.0537109375,0.107421875,0.0693359375,0.11328125,0.1201171875,0.1474609375,0.095703125,0.0673828125,0.10546875,0.1201171875
C:\Users\marcu\Documents\keras-getting-started\lillskog_52.png,village,0.0615234375,0.1083984375,0.0693359375,0.134765625,0.1201171875,0.130859375,0.0810546875,0.0849609375,0.0791015625,0.1298828125
C:\Users\marcu\Documents\keras-getting-started\lillskog_53.png,village,0.078125,0.1162109375,0.0703125,0.0966796875,0.107421875,0.103515625,0.0830078125,0.0869140625,0.0947265625,0.1630859375
C:\Users\marcu\Documents\keras-getting-started\lillskog_54.png,village,0.083984375,0.1171875,0.068359375,0.099609375,0.09375,0.0986328125,0.0810546875,0.1015625,0.087890625,0.16796875
C:\Users\marcu\Documents\keras-getting-started\lillskog_55.png,village,0.0625,0.09765625,0.0654296875,0.1103515625,0.15625,0.1435546875,0.083984375,0.0732421875,0.0703125,0.13671875
C:\Users\marcu\Documents\keras-getting-started\lillskog_56.png,village,0.0673828125,0.103515625,0.09765625,0.1103515625,0.1015625,0.11328125,0.0791015625,0.0830078125,0.091796875,0.15234375
C:\Users\marcu\Documents\keras-getting-started\lillskog_57.png,village,0.072265625,0.126953125,0.0595703125,0.091796875,0.103515625,0.09375,0.072265625,0.0947265625,0.09765625,0.1875
C:\Users\marcu\Documents\keras-getting-started\lillskog_58.png,village,0.0625,0.1201171875,0.0654296875,0.115234375,0.12109375,0.130859375,0.09375,0.0751953125,0.080078125,0.1357421875
C:\Users\marcu\Documents\keras-getting-started\lillskog_59.png,village,0.0703125,0.1181640625,0.0751953125,0.10546875,0.1171875,0.1025390625,0.09375,0.0693359375,0.103515625,0.14453125
C:\Users\marcu\Documents\keras-getting-started\lillskog_6.png,village,0.044921875,0.1142578125,0.0673828125,0.119140625,0.1103515625,0.1279296875,0.0849609375,0.08203125,0.0966796875,0.15234375
C:\Users\marcu\Documents\keras-getting-started\lillskog_60.png,village,0.064453125,0.123046875,0.064453125,0.103515625,0.126953125,0.1142578125,0.068359375,0.0986328125,0.0888671875,0.1474609375
C:\Users\marcu\Documents\keras-getting-started\lillskog_61.png,village,0.072265625,0.1279296875,0.07421875,0.099609375,0.0771484375,0.1123046875,0.08984375,0.0908203125,0.08984375,0.166015625
C:\Users\marcu\Documents\keras-getting-started\lillskog_62.png,village,0.0859375,0.1240234375,0.0615234375,0.0859375,0.0849609375,0.095703125,0.08984375,0.0888671875,0.099609375,0.18359375
C:\Users\marcu\Documents\keras-getting-started\lillskog_63.png,village,0.060546875,0.111328125,0.0576171875,0.1005859375,0.119140625,0.1240234375,0.0849609375,0.087890625,0.1005859375,0.1533203125
C:\Users\marcu\Documents\keras-getting-started\lillskog_7.png,village,0.078125,0.1181640625,0.060546875,0.0888671875,0.1162109375,0.1181640625,0.0888671875,0.08203125,0.083984375,0.1650390625
C:\Users\marcu\Documents\keras-getting-started\lillskog_8.png,village,0.072265625,0.1103515625,0.0673828125,0.111328125,0.1220703125,0.1201171875,0.0927734375,0.0791015625,0.0810546875,0.1435546875
C:\Users\marcu\Documents\keras-getting-started\lillskog_9.png,village,0.05078125,0.1064453125,0.0732421875,0.125,0.11328125,0.1328125,0.0830078125,0.087890625,0.07421875,0.1533203125
C:\Users\marcu\Documents\keras-getting-started\munkbyn_0.png,village,0.06640625,0.095703125,0.0537109375,0.1162109375,0.1083984375,0.12890625,0.091796875,0.0751953125,0.10546875,0.158203125
C:\Users\marcu\Documents\keras-getting-started\munkbyn_1.png,village,0.072265625,0.09765625,0.0546875,0.111328125,0.103515625,0.126953125,0.0859375,0.07421875,0.1162109375,0.1572265625
C:\Users\marcu\Documents\keras-getting-started\munkbyn_10.png,village,0.015625,0.060546875,0.0166015625,0.1318359375,0.09375,0.2412109375,0.0693359375,0.0771484375,0.19921875,0.0947265625
C:\Users\marcu\Documents\keras-getting-started\munkbyn_11.png,village,0.025390625,0.1005859375,0.0361328125,0.1162109375,0.087890625,0.2099609375,0.0732421875,0.0673828125,0.1767578125,0.1064453125
C:\Users\marcu\Documents\keras-getting-started\munkbyn_12.png,village,0.02734375,0.0751953125,0.029296875,0.1298828125,0.1982421875,0.1884765625,0.0751953125,0.0634765625,0.0869140625,0.1259765625
C:\Users\marcu\Documents\keras-getting-started\munkbyn_13.png,village,0.0302734375,0.0654296875,0.0244140625,0.13671875,0.08984375,0.24609375,0.0810546875,0.0703125,0.1533203125,0.1025390625
C:\Users\marcu\Documents\keras-getting-started\munkbyn_14.png,village,0.05078125,0.0966796875,0.03125,0.1103515625,0.0830078125,0.1591796875,0.08203125,0.0791015625,0.1708984375,0.13671875
C:\Users\marcu\Documents\keras-getting-started\munkbyn_15.png,village,0.017578125,0.0537109375,0.0048828125,0.109375,0.0205078125,0.24609375,0.0380859375,0.0634765625,0.3544921875,0.091796875
C:\Users\marcu\Documents\keras-getting-started\munkbyn_16.png,village,0.076171875,0.115234375,0.0625,0.095703125,0.0732421875,0.130859375,0.091796875,0.0888671875,0.103515625,0.162109375
C:\Users\marcu\Documents\keras-getting-started\munkbyn_17.png,village,0.015625,0.052734375,0.0087890625,0.12109375,0.064453125,0.21875,0.0546875,0.0615234375,0.314453125,0.087890625
C:\Users\marcu\Documents\keras-getting-started\munkbyn_18.png,village,0.0107421875,0.0595703125,0.01171875,0.1142578125,0.0478515625,0.251953125,0.04296875,0.0869140625,0.2763671875,0.09765625
C:\Users\marcu\Documents\keras-getting-started\munkbyn_19.png,village,0.0166015625,0.0673828125,0.0126953125,0.138671875,0.087890625,0.2392578125,0.0625,0.087890625,0.1923828125,0.0947265625
C:\Users\marcu\Documents\keras-getting-started\munkbyn_2.png,village,0.021484375,0.0908203125,0.0302734375,0.140625,0.0986328125,0.1953125,0.0869140625,0.0791015625,0.150390625,0.1064453125
C:\Users\marcu\Documents\keras-getting-started\munkbyn_20.png,village,0.0244140625,0.0712890625,0.0244140625,0.115234375,0.1640625,0.2470703125,0.0634765625,0.076171875,0.1083984375,0.10546875
C:\Users\marcu\Documents\keras-getting-started\munkbyn_21.png,village,0.0302734375,0.068359375,0.01953125,0.1201171875,0.076171875,0.240234375,0.0693359375,0.0712890625,0.1943359375,0.1103515625
C:\Users\marcu\Documents\keras-getting-started\munkbyn_22.png,village,0.0380859375,0.1015625,0.033203125,0.130859375,0.0927734375,0.17578125,0.0849609375,0.072265625,0.146484375,0.1240234375
C:\Users\marcu\Documents\keras-getting-started\munkbyn_23.png,village,0.05078125,0.0927734375,0.046875,0.1044921875,0.095703125,0.1689453125,0.0830078125,0.0859375,0.1162109375,0.1552734375
C:\Users\marcu\Documents\keras-getting-started\munkbyn_24.png,village,0.0751953125,0.107421875,0.048828125,0.09375,0.115234375,0.1328125,0.1005859375,0.083984375,0.10546875,0.13671875
C:\Users\marcu\Documents\keras-getting-started\munkbyn_25.png,village,0.0361328125,0.078125,0.04296875,0.13671875,0.150390625,0.154296875,0.080078125,0.083984375,0.12109375,0.1162109375
C:\Users\marcu\Documents\keras-getting-started\munkbyn_26.png,village,0.037109375,0.083984375,0.029296875,0.1220703125,0.0966796875,0.181640625,0.0556640625,0.0810546875,0.1884765625,0.1240234375
C:\Users\marcu\Documents\keras-getting-started\munkbyn_27.png,village,0.0341796875,0.109375,0.0400390625,0.099609375,0.0810546875,0.1865234375,0.0712890625,0.083984375,0.1611328125,0.1328125
C:\Users\marcu\Documents\keras-getting-started\munkbyn_28.png,village,0.0078125,0.0556640625,0.015625,0.1005859375,0.1865234375,0.263671875,0.0400390625,0.0615234375,0.189453125,0.0791015625
C:\Users\marcu\Documents\keras-getting-started\munkbyn_29.png,village,0.0185546875,0.05859375,0.0205078125,0.1416015625,0.060546875,0.2177734375,0.0673828125,0.0810546875,0.22265625,0.111328125
C:\Users\marcu\Documents\keras-getting-started\munkbyn_3.png,village,0.0361328125,0.0888671875,0.03515625,0.1357421875,0.1005859375,0.1708984375,0.0751953125,0.0849609375,0.1591796875,0.11328125
C:\Users\marcu\Documents\keras-getting-started\munkbyn_30.png,village,0.037109375,0.0810546875,0.0224609375,0.1142578125,0.0693359375,0.2080078125,0.078125,0.0966796875,0.181640625,0.111328125
C:\Users\marcu\Documents\keras-getting-started\munkbyn_31.png,village,0.0712890625,0.1005859375,0.0400390625,0.1025390625,0.1005859375,0.134765625,0.0849609375,0.0859375,0.1220703125,0.1572265625
C:\Users\marcu\Documents\keras-getting-started\munkbyn_32.png,village,0.01171875,0.052734375,0.0126953125,0.1669921875,0.0458984375,0.2666015625,0.0615234375,0.072265625,0.236328125,0.0732421875
C:\Users\marcu\Documents\keras-getting-started\munkbyn_33.png,village,0.0576171875,0.0859375,0.037109375,0.1171875,0.1337890625,0.171875,0.1083984375,0.0595703125,0.087890625,0.140625
C:\Users\marcu\Documents\keras-getting-started\munkbyn_34.png,village,0.068359375,0.10546875,0.048828125,0.12109375,0.119140625,0.1552734375,0.072265625,0.06640625,0.0859375,0.1572265625
C:\Users\marcu\Documents\keras-getting-started\munkbyn_35.png,village,0.041015625,0.1044921875,0.046875,0.10546875,0.1748046875,0.185546875,0.0888671875,0.0556640625,0.0791015625,0.1181640625
C:\Users\marcu\Documents\keras-getting-started\munkbyn_36.png,village,0.029296875,0.0673828125,0.03515625,0.1279296875,0.166015625,0.2080078125,0.0625,0.0703125,0.1201171875,0.11328125
C:\Users\marcu\Documents\keras-getting-started\munkbyn_37.png,village,0.015625,0.0498046875,0.0078125,0.1298828125,0.0830078125,0.2509765625,0.0498046875,0.0693359375,0.251953125,0.091796875
C:\Users\marcu\Documents\keras-getting-started\munkbyn_38.png,village,0.017578125,0.0751953125,0.0126953125,0.12109375,0.0478515625,0.1904296875,0.0556640625,0.0849609375,0.3125,0.08203125
C:\Users\marcu\Documents\keras-getting-started\munkbyn_39.png,village,0.0537109375,0.107421875,0.048828125,0.1318359375,0.1103515625,0.1767578125,0.080078125,0.0830078125,0.0859375,0.1220703125
C:\Users\marcu\Documents\keras-getting-started\munkbyn_4.png,village,0.0244140625,0.0849609375,0.0322265625,0.126953125,0.1494140625,0.203125,0.0830078125,0.068359375,0.1162109375,0.111328125
C:\Users\marcu\Documents\keras-getting-started\munkbyn_40.png,village,0.0244140625,0.0791015625,0.0390625,0.15625,0.1865234375,0.1923828125,0.064453125,0.0556640625,0.1171875,0.0849609375
C:\Users\marcu\Documents\keras-getting-started\munkbyn_41.png,village,0.0419921875,0.083984375,0.0615234375,0.1416015625,0.1435546875,0.1513671875,0.103515625,0.064453125,0.0791015625,0.12890625
C:\Users\marcu\Documents\keras-getting-started\munkbyn_42.png,village,0.060546875,0.09375,0.052734375,0.1162109375,0.1376953125,0.1748046875,0.080078125,0.0654296875,0.0732421875,0.1455078125
C:\Users\marcu\Documents\keras-getting-started\munkbyn_43.png,village,0.0537109375,0.103515625,0.064453125,0.09375,0.1494140625,0.162109375,0.1015625,0.0537109375,0.0791015625,0.138671875
C:\Users\marcu\Documents\keras-getting-started\munkbyn_44.png,village,0.0439453125,0.083984375,0.0361328125,0.12109375,0.1171875,0.185546875,0.0849609375,0.08984375,0.107421875,0.1298828125
C:\Users\marcu\Documents\keras-getting-started\munkbyn_45.png,village,0.021484375,0.060546875,0.0419921875,0.1416015625,0.1376953125,0.236328125,0.06640625,0.056640625,0.1455078125,0.091796875
C:\Users\marcu\Documents\keras-getting-started\munkbyn_46.png,village,0.0322265625,0.0830078125,0.03125,0.1083984375,0.111328125,0.1884765625,0.0751953125,0.06640625,0.1513671875,0.15234375
C:\Users\marcu\Documents\keras-getting-started\munkbyn_47.png,village,0.015625,0.0498046875,0.01171875,0.0595703125,0.0478515625,0.1826171875,0.0302734375,0.046875,0.4384765625,0.1171875
C:\Users\marcu\Documents\keras-getting-started\munkbyn_48.png,village,0.01953125,0.08984375,0.0234375,0.1142578125,0.1142578125,0.2333984375,0.0703125,0.076171875,0.1455078125,0.11328125
C:\Users\marcu\Documents\keras-getting-started\munkbyn_49.png,village,0.02734375,0.0830078125,0.0302734375,0.138671875,0.083984375,0.171875,0.076171875,0.0732421875,0.1826171875,0.1328125
C:\Users\marcu\Documents\keras-getting-started\munkbyn_5.png,village,0.0107421875,0.052734375,0.0185546875,0.138671875,0.0732421875,0.2880859375,0.0576171875,0.083984375,0.2080078125,0.068359375
C:\Users\marcu\Documents\keras-getting-started\munkbyn_50.png,village,0.013671875,0.064453125,0.01953125,0.134765625,0.087890625,0.2294921875,0.0361328125,0.08984375,0.232421875,0.091796875
C:\Users\marcu\Documents\keras-getting-started\munkbyn_51.png,village,0.03515625,0.09765625,0.048828125,0.1220703125,0.1630859375,0.173828125,0.0810546875,0.0732421875,0.0869140625,0.1181640625
C:\Users\marcu\Documents\keras-getting-started\munkbyn_52.png,village,0.0546875,0.10546875,0.041015625,0.1220703125,0.109375,0.1591796875,0.0732421875,0.07421875,0.1162109375,0.14453125
C:\Users\marcu\Documents\keras-getting-started\munkbyn_53.png,village,0.009765625,0.046875,0.0205078125,0.044921875,0.025390625,0.12890625,0.02734375,0.0546875,0.177734375,0.4638671875
C:\Users\marcu\Documents\keras-getting-started\munkbyn_54.png,village,0.001953125,0.0107421875,0.0009765625,0.013671875,0.001953125,0.099609375,0.0048828125,0.015625,0.3017578125,0.548828125
C:\Users\marcu\Documents\keras-getting-started\munkbyn_55.png,village,0.0048828125,0.0,0.0205078125,0.0009765625,0.0,0.173828125,0.0009765625,0.015625,0.7255859375,0.0576171875
C:\Users\marcu\Documents\keras-getting-started\munkbyn_56.png,village,0.03125,0.0703125,0.056640625,0.1640625,0.1875,0.1669921875,0.072265625,0.052734375,0.0712890625,0.126953125
C:\Users\marcu\Documents\keras-getting-started\munkbyn_57.png,village,0.033203125,0.1005859375,0.03515625,0.1162109375,0.09375,0.1826171875,0.083984375,0.0771484375,0.140625,0.13671875
C:\Users\marcu\Documents\keras-getting-started\munkbyn_58.png,village,0.0068359375,0.0498046875,0.015625,0.12890625,0.0458984375,0.2626953125,0.0576171875,0.0888671875,0.25,0.09375
C:\Users\marcu\Documents\keras-getting-started\munkbyn_59.png,village,0.0302734375,0.0791015625,0.041015625,0.1103515625,0.169921875,0.2080078125,0.07421875,0.0654296875,0.0927734375,0.12890625
C:\Users\marcu\Documents\keras-getting-started\munkbyn_6.png,village,0.0126953125,0.0556640625,0.0126953125,0.119140625,0.0478515625,0.255859375,0.0517578125,0.0859375,0.2724609375,0.0859375
C:\Users\marcu\Documents\keras-getting-started\munkbyn_60.png,village,0.0625,0.111328125,0.0498046875,0.1005859375,0.1064453125,0.171875,0.09765625,0.064453125,0.0986328125,0.13671875
C:\Users\marcu\Documents\keras-getting-started\munkbyn_61.png,village,0.0556640625,0.0849609375,0.0400390625,0.107421875,0.1015625,0.158203125,0.0888671875,0.083984375,0.0927734375,0.1865234375
C:\Users\marcu\Documents\keras-getting-started\munkbyn_62.png,village,0.015625,0.0517578125,0.0166015625,0.0634765625,0.033203125,0.1845703125,0.0244140625,0.048828125,0.345703125,0.2158203125
C:\Users\marcu\Documents\keras-getting-started\munkbyn_63.png,village,0.0087890625,0.0009765625,0.0263671875,0.0,0.0,0.2138671875,0.0029296875,0.0185546875,0.7021484375,0.0263671875
C:\Users\marcu\Documents\keras-getting-started\munkbyn_7.png,village,0.0068359375,0.05078125,0.005859375,0.12109375,0.0322265625,0.2734375,0.0498046875,0.064453125,0.3173828125,0.078125
C:\Users\marcu\Documents\keras-getting-started\munkbyn_8.png,village,0.052734375,0.0927734375,0.0400390625,0.1435546875,0.095703125,0.16015625,0.0830078125,0.0849609375,0.11328125,0.1337890625
C:\Users\marcu\Documents\keras-getting-started\munkbyn_9.png,village,0.037109375,0.068359375,0.0341796875,0.1181640625,0.10546875,0.1845703125,0.0546875,0.080078125,0.1982421875,0.119140625
C:\Users\marcu\Documents\keras-getting-started\sörskog_0.png,village,0.05859375,0.115234375,0.056640625,0.10546875,0.107421875,0.1416015625,0.0791015625,0.083984375,0.111328125,0.140625
C:\Users\marcu\Documents\keras-getting-started\sörskog_1.png,village,0.0654296875,0.0888671875,0.060546875,0.1279296875,0.115234375,0.1240234375,0.0888671875,0.0869140625,0.091796875,0.150390625
C:\Users\marcu\Documents\keras-getting-started\sörskog_10.png,village,0.04296875,0.1123046875,0.0419921875,0.1240234375,0.12890625,0.1337890625,0.048828125,0.072265625,0.1640625,0.130859375
C:\Users\marcu\Documents\keras-getting-started\sörskog_11.png,village,0.0791015625,0.1015625,0.0615234375,0.0947265625,0.126953125,0.1044921875,0.076171875,0.0693359375,0.1064453125,0.1796875
C:\Users\marcu\Documents\keras-getting-started\sörskog_12.png,village,0.0498046875,0.0869140625,0.0390625,0.1279296875,0.0927734375,0.162109375,0.06640625,0.095703125,0.1533203125,0.1259765625
C:\Users\marcu\Documents\keras-getting-started\sörskog_13.png,village,0.0673828125,0.1181640625,0.05859375,0.107421875,0.1064453125,0.11328125,0.068359375,0.0966796875,0.09765625,0.166015625
C:\Users\marcu\Documents\keras-getting-started\sörskog_14.png,village,0.0693359375,0.10546875,0.056640625,0.103515625,0.1005859375,0.1181640625,0.0810546875,0.08203125,0.1220703125,0.1611328125
C:\Users\marcu\Documents\keras-getting-started\sörskog_15.png,village,0.08203125,0.12109375,0.083984375,0.0810546875,0.0732421875,0.0986328125,0.0771484375,0.095703125,0.103515625,0.18359375
C:\Users\marcu\Documents\keras-getting-started\sörskog_16.png,village,0.0791015625,0.125,0.068359375,0.1044921875,0.083984375,0.09375,0.072265625,0.0810546875,0.109375,0.1826171875
C:\Users\marcu\Documents\keras-getting-started\sörskog_17.png,village,0.0498046875,0.115234375,0.0419921875,0.09765625,0.134765625,0.1435546875,0.0703125,0.078125,0.111328125,0.1572265625
C:\Users\marcu\Documents\keras-getting-started\sörskog_18.png,village,0.033203125,0.07421875,0.041015625,0.115234375,0.1142578125,0.19140625,0.07421875,0.0771484375,0.1337890625,0.1455078125
C:\Users\marcu\Documents\keras-getting-started\sörskog_19.png,village,0.052734375,0.1005859375,0.0439453125,0.095703125,0.150390625,0.150390625,0.0693359375,0.080078125,0.09765625,0.1591796875
C:\Users\marcu\Documents\keras-getting-started\sörskog_2.png,village,0.060546875,0.0947265625,0.07421875,0.1044921875,0.1298828125,0.14453125,0.083984375,0.0751953125,0.0908203125,0.1416015625
C:\Users\marcu\Documents\keras-getting-started\sörskog_20.png,village,0.08203125,0.109375,0.0673828125,0.1005859375,0.08984375,0.1015625,0.0849609375,0.0751953125,0.1162109375,0.1728515625
C:\Users\marcu\Documents\keras-getting-started\sörskog_21.png,village,0.06640625,0.09375,0.078125,0.1181640625,0.115234375,0.119140625,0.0869140625,0.08203125,0.087890625,0.15234375
C:\Users\marcu\Documents\keras-getting-started\sörskog_22.png,village,0.0771484375,0.1240234375,0.07421875,0.0927734375,0.083984375,0.111328125,0.068359375,0.087890625,0.10546875,0.1748046875
C:\Users\marcu\Documents\keras-getting-started\sörskog_23.png,village,0.09375,0.1064453125,0.078125,0.076171875,0.076171875,0.0966796875,0.068359375,0.0830078125,0.12109375,0.2001953125
C:\Users\marcu\Documents\keras-getting-started\sörskog_24.png,village,0.068359375,0.1171875,0.080078125,0.1015625,0.0986328125,0.1201171875,0.0849609375,0.0791015625,0.095703125,0.154296875
C:\Users\marcu\Documents\keras-getting-started\sörskog_25.png,village,0.0810546875,0.1064453125,0.0859375,0.0966796875,0.087890625,0.103515625,0.0810546875,0.0908203125,0.09765625,0.1689453125
C:\Users\marcu\Documents\keras-getting-started\sörskog_26.png,village,0.05078125,0.0771484375,0.0439453125,0.087890625,0.0732421875,0.0888671875,0.072265625,0.0556640625,0.3232421875,0.126953125
C:\Users\marcu\Documents\keras-getting-started\sörskog_27.png,village,0.0439453125,0.0859375,0.0517578125,0.09765625,0.2197265625,0.1279296875,0.06640625,0.060546875,0.1064453125,0.1396484375
C:\Users\marcu\Documents\keras-getting-started\sörskog_28.png,village,0.076171875,0.125,0.0732421875,0.09375,0.09765625,0.1044921875,0.0908203125,0.0751953125,0.1064453125,0.1572265625
C:\Users\marcu\Documents\keras-getting-started\sörskog_29.png,village,0.0703125,0.103515625,0.0888671875,0.1015625,0.09765625,0.1123046875,0.0869140625,0.076171875,0.115234375,0.1474609375
C:\Users\marcu\Documents\keras-getting-started\sörskog_3.png,village,0.0458984375,0.10546875,0.0380859375,0.123046875,0.1025390625,0.1357421875,0.072265625,0.0732421875,0.1552734375,0.1484375
C:\Users\marcu\Documents\keras-getting-started\sörskog_30.png,village,0.0654296875,0.125,0.0595703125,0.1044921875,0.125,0.111328125,0.0615234375,0.087890625,0.1103515625,0.1494140625
C:\Users\marcu\Documents\keras-getting-started\sörskog_31.png,village,0.076171875,0.09375,0.0654296875,0.109375,0.08203125,0.125,0.0771484375,0.091796875,0.0947265625,0.1845703125
C:\Users\marcu\Documents\keras-getting-started\sörskog_32.png,village,0.0556640625,0.0849609375,0.0625,0.1298828125,0.140625,0.13671875,0.0791015625,0.072265625,0.0869140625,0.1513671875
C:\Users\marcu\Documents\keras-getting-started\sörskog_33.png,village,0.080078125,0.125,0.0732421875,0.0908203125,0.099609375,0.0888671875,0.0712890625,0.0927734375,0.109375,0.1689453125
C:\Users\marcu\Documents\keras-getting-started\sörskog_34.png,village,0.0693359375,0.1103515625,0.060546875,0.1162109375,0.111328125,0.1201171875,0.0703125,0.0927734375,0.1005859375,0.1484375
C:\Users\marcu\Documents\keras-getting-started\sörskog_35.png,village,0.021484375,0.1044921875,0.0556640625,0.134765625,0.1591796875,0.1640625,0.0810546875,0.068359375,0.087890625,0.123046875
C:\Users\marcu\Documents\keras-getting-started\sörskog_36.png,village,0.0615234375,0.091796875,0.0791015625,0.1396484375,0.1220703125,0.13671875,0.0927734375,0.0703125,0.087890625,0.1181640625
C:\Users\marcu\Documents\keras-getting-started\sörskog_37.png,village,0.05859375,0.107421875,0.072265625,0.1064453125,0.099609375,0.1162109375,0.0830078125,0.07421875,0.1259765625,0.15625
C:\Users\marcu\Documents\keras-getting-started\sörskog_38.png,village,0.0517578125,0.0849609375,0.0615234375,0.1298828125,0.1259765625,0.1328125,0.0712890625,0.072265625,0.1123046875,0.1572265625
C:\Users\marcu\Documents\keras-getting-started\sörskog_39.png,village,0.0673828125,0.103515625,0.0673828125,0.1220703125,0.111328125,0.1044921875,0.07421875,0.0849609375,0.1259765625,0.138671875
C:\Users\marcu\Documents\keras-getting-started\sörskog_4.png,village,0.037109375,0.083984375,0.0361328125,0.1005859375,0.07421875,0.162109375,0.0517578125,0.0791015625,0.248046875,0.126953125
C:\Users\marcu\Documents\keras-getting-started\sörskog_40.png,village,0.052734375,0.1181640625,0.0634765625,0.10546875,0.11328125,0.109375,0.080078125,0.0947265625,0.08984375,0.1728515625
C:\Users\marcu\Documents\keras-getting-started\sörskog_41.png,village,0.0302734375,0.0712890625,0.0546875,0.15625,0.1630859375,0.1845703125,0.0830078125,0.068359375,0.0654296875,0.123046875
C:\Users\marcu\Documents\keras-getting-started\sörskog_42.png,village,0.0595703125,0.125,0.0625,0.1044921875,0.109375,0.0888671875,0.0859375,0.091796875,0.0966796875,0.17578125
C:\Users\marcu\Documents\keras-getting-started\sörskog_43.png,village,0.037109375,0.0947265625,0.0390625,0.1181640625,0.1728515625,0.14453125,0.076171875,0.0703125,0.1025390625,0.14453125
C:\Users\marcu\Documents\keras-getting-started\sörskog_44.png,village,0.0546875,0.0830078125,0.0693359375,0.107421875,0.142578125,0.1806640625,0.087890625,0.0673828125,0.0859375,0.12109375
C:\Users\marcu\Documents\keras-getting-started\sörskog_45.png,village,0.0458984375,0.0986328125,0.0458984375,0.115234375,0.0849609375,0.126953125,0.0732421875,0.0810546875,0.16796875,0.16015625
C:\Users\marcu\Documents\keras-getting-started\sörskog_46.png,village,0.0302734375,0.064453125,0.03125,0.09765625,0.125,0.150390625,0.0458984375,0.0712890625,0.2734375,0.1103515625
C:\Users\marcu\Documents\keras-getting-started\sörskog_47.png,village,0.0791015625,0.0986328125,0.080078125,0.1123046875,0.0859375,0.1015625,0.087890625,0.091796875,0.0947265625,0.16796875
C:\Users\marcu\Documents\keras-getting-started\sörskog_48.png,village,0.02734375,0.0830078125,0.0302734375,0.1279296875,0.12109375,0.1953125,0.06640625,0.07421875,0.1220703125,0.15234375
C:\Users\marcu\Documents\keras-getting-started\sörskog_49.png,village,0.0419921875,0.107421875,0.03515625,0.130859375,0.1318359375,0.1416015625,0.08203125,0.0673828125,0.10546875,0.15625
C:\Users\marcu\Documents\keras-getting-started\sörskog_5.png,village,0.0673828125,0.1162109375,0.0732421875,0.0986328125,0.1015625,0.125,0.087890625,0.07421875,0.0888671875,0.1669921875
C:\Users\marcu\Documents\keras-getting-started\sörskog_50.png,village,0.04296875,0.0986328125,0.044921875,0.1201171875,0.12890625,0.1708984375,0.08984375,0.0654296875,0.1005859375,0.1376953125
C:\Users\marcu\Documents\keras-getting-started\sörskog_51.png,village,0.044921875,0.0966796875,0.0380859375,0.1171875,0.1455078125,0.16796875,0.0849609375,0.068359375,0.091796875,0.14453125
C:\Users\marcu\Documents\keras-getting-started\sörskog_52.png,village,0.0498046875,0.1015625,0.046875,0.1240234375,0.1181640625,0.1455078125,0.0859375,0.080078125,0.111328125,0.13671875
C:\Users\marcu\Documents\keras-getting-started\sörskog_53.png,village,0.048828125,0.099609375,0.0390625,0.14453125,0.09375,0.1455078125,0.0986328125,0.0927734375,0.119140625,0.1181640625
C:\Users\marcu\Documents\keras-getting-started\sörskog_54.png,village,0.037109375,0.1005859375,0.08984375,0.1220703125,0.1357421875,0.138671875,0.064453125,0.0810546875,0.087890625,0.142578125
C:\Users\marcu\Documents\keras-getting-started\sörskog_55.png,village,0.0703125,0.111328125,0.0732421875,0.0986328125,0.08984375,0.11328125,0.0888671875,0.087890625,0.1005859375,0.166015625
C:\Users\marcu\Documents\keras-getting-started\sörskog_56.png,village,0.0419921875,0.0830078125,0.03125,0.1044921875,0.0947265625,0.1845703125,0.07421875,0.07421875,0.1357421875,0.17578125
C:\Users\marcu\Documents\keras-getting-started\sörskog_57.png,village,0.02734375,0.1171875,0.0439453125,0.095703125,0.083984375,0.171875,0.0703125,0.080078125,0.130859375,0.1787109375
C:\Users\marcu\Documents\keras-getting-started\sörskog_58.png,village,0.046875,0.0771484375,0.0498046875,0.1015625,0.109375,0.177734375,0.072265625,0.076171875,0.1416015625,0.1474609375
C:\Users\marcu\Documents\keras-getting-started\sörskog_59.png,village,0.033203125,0.1005859375,0.029296875,0.1103515625,0.083984375,0.1396484375,0.0791015625,0.0849609375,0.1630859375,0.17578125
C:\Users\marcu\Documents\keras-getting-started\sörskog_6.png,village,0.0908203125,0.11328125,0.0625,0.1044921875,0.0830078125,0.0849609375,0.0703125,0.087890625,0.115234375,0.1875
C:\Users\marcu\Documents\keras-getting-started\sörskog_60.png,village,0.0322265625,0.0908203125,0.0234375,0.158203125,0.10546875,0.15625,0.10546875,0.06640625,0.1279296875,0.1337890625
C:\Users\marcu\Documents\keras-getting-started\sörskog_61.png,village,0.0380859375,0.1044921875,0.0322265625,0.1201171875,0.0947265625,0.1796875,0.0859375,0.0791015625,0.130859375,0.134765625
C:\Users\marcu\Documents\keras-getting-started\sörskog_62.png,village,0.044921875,0.09765625,0.0400390625,0.1064453125,0.12890625,0.1552734375,0.0810546875,0.0791015625,0.130859375,0.1357421875
C:\Users\marcu\Documents\keras-getting-started\sörskog_63.png,village,0.07421875,0.1083984375,0.0634765625,0.0947265625,0.0888671875,0.1171875,0.078125,0.0947265625,0.1015625,0.1787109375
C:\Users\marcu\Documents\keras-getting-started\sörskog_7.png,village,0.064453125,0.1162109375,0.076171875,0.10546875,0.08984375,0.10546875,0.076171875,0.095703125,0.1015625,0.1689453125
C:\Users\marcu\Documents\keras-getting-started\sörskog_8.png,village,0.05078125,0.109375,0.0634765625,0.1005859375,0.134765625,0.1376953125,0.07421875,0.07421875,0.0966796875,0.158203125
C:\Users\marcu\Documents\keras-getting-started\sörskog_9.png,village,0.052734375,0.0908203125,0.0546875,0.1064453125,0.125,0.1572265625,0.0810546875,0.0849609375,0.0947265625,0.15234375
